timestamp, frame, x, y, z, qx, qy, qz, qw, fx, fy, cx, cy, distortion_center_x, distortion_center_y
133178.674631708, 000000, 0.16411227, 0.15500821, 0.20860085, 0.5830405, -0.22769535, 0.7663508, 0.14465453, 1439.3246, 1439.3246, 961.2126, 725.29016, , 
133178.691303916, 000001, 0.1634483, 0.15706182, 0.2090051, 0.58443576, -0.2252869, 0.7665211, 0.14186609, 1439.2863, 1439.2863, 961.2606, 725.30225, , 
133178.707976083, 000002, 0.162741, 0.15917842, 0.20913656, 0.58583015, -0.22230262, 0.7668957, 0.13876401, 1439.229, 1439.229, 961.23865, 725.34607, , 
133178.741320333, 000003, 0.16111988, 0.16338307, 0.20937543, 0.58651614, -0.21607095, 0.7692092, 0.13277526, 1439.3169, 1439.3169, 961.3457, 725.40076, , 
133178.757992416, 000004, 0.16221517, 0.16518937, 0.20926674, 0.587902, -0.21232253, 0.7696899, 0.12987527, 1438.9192, 1438.9192, 961.345, 725.41473, , 
133178.791336541, 000005, 0.16099498, 0.16956003, 0.20952548, 0.5866015, -0.20423234, 0.7741303, 0.122106165, 1438.728, 1438.728, 961.4085, 725.4439, , 
133178.808008625, 000006, 0.15994163, 0.17192331, 0.20964411, 0.5854856, -0.1997743, 0.7767758, 0.11796696, 1438.6322, 1438.6322, 961.40063, 725.49524, , 
133178.824680791, 000007, 0.15887442, 0.17432383, 0.20973575, 0.58417755, -0.1954908, 0.7794189, 0.11413087, 1438.2345, 1438.2345, 961.4175, 725.49146, , 
133178.874697166, 000008, 0.15629771, 0.18006755, 0.21011572, 0.5819859, -0.18229963, 0.7856551, 0.10394835, 1438.2079, 1438.2079, 961.4707, 725.52795, , 
133178.908041375, 000009, 0.15404116, 0.1848181, 0.21002185, 0.58201176, -0.17368715, 0.7884698, 0.09700672, 1438.1084, 1438.1084, 961.5345, 725.59186, , 
133178.924713541, 000010, 0.15293646, 0.18718725, 0.20994091, 0.582288, -0.16983066, 0.7894494, 0.094168, 1438.181, 1438.181, 961.5418, 725.5764, , 
133178.9413855, 000011, 0.15229918, 0.18920231, 0.20977077, 0.5830247, -0.16571005, 0.7900906, 0.09153798, 1438.181, 1438.181, 961.5285, 725.57806, , 
133178.958057833, 000012, 0.15154907, 0.19130185, 0.20956796, 0.583894, -0.16117872, 0.7907128, 0.08866982, 1437.6189, 1437.6189, 961.5746, 725.6147, , 
133178.97472975, 000013, 0.1505641, 0.19353355, 0.20938516, 0.58456457, -0.15636604, 0.7915371, 0.085456185, 1437.6227, 1437.6227, 961.5912, 725.62384, , 
133179.024746333, 000014, 0.1474382, 0.19982652, 0.20894301, 0.58457834, -0.14445904, 0.7945697, 0.07783711, 1437.6572, 1437.6572, 961.62335, 725.6882, , 
133179.04141825, 000015, 0.14705907, 0.20095119, 0.2087982, 0.5843141, -0.14139277, 0.7954766, 0.07617132, 1437.5807, 1437.5807, 961.6069, 725.6644, , 
133179.058090375, 000016, 0.14661255, 0.20219596, 0.20864414, 0.58380693, -0.13859467, 0.7964797, 0.07470544, 1437.6917, 1437.6917, 961.67993, 725.67224, , 
133179.0747625, 000017, 0.14595321, 0.20376617, 0.2085041, 0.5829906, -0.13557167, 0.79775167, 0.07303704, 1437.6532, 1437.6532, 961.66614, 725.6517, , 
133179.091434583, 000018, 0.14528319, 0.20538102, 0.20837623, 0.5819985, -0.132489, 0.79914117, 0.07139807, 1437.6572, 1437.6572, 961.6669, 725.7259, , 
133179.124778916, 000019, 0.14407289, 0.20842054, 0.20814991, 0.57997, -0.12748149, 0.801624, 0.06915262, 1437.6342, 1437.6342, 961.6841, 725.71625, , 
133179.141451041, 000020, 0.14348477, 0.21002832, 0.20778406, 0.5788212, -0.1251822, 0.80287397, 0.068473645, 1437.68, 1437.68, 961.65753, 725.7124, , 
133179.158123125, 000021, 0.1430099, 0.21153921, 0.20747274, 0.5775253, -0.12286998, 0.8042191, 0.06781638, 1437.7145, 1437.7145, 961.6748, 725.772, , 
133179.17479525, 000022, 0.1426143, 0.21292515, 0.20730813, 0.5761549, -0.12026618, 0.80568504, 0.066732556, 1437.5692, 1437.5692, 961.69336, 725.76337, , 
133179.191467333, 000023, 0.14224172, 0.21422921, 0.20719063, 0.5748173, -0.117594875, 0.80713224, 0.06552818, 1437.1409, 1437.1409, 961.66156, 725.7905, , 
133179.208139541, 000024, 0.14189413, 0.21545462, 0.20709518, 0.57347035, -0.1152308, 0.8085109, 0.06452643, 1437.2479, 1437.2479, 961.6813, 725.7696, , 
133179.224811583, 000025, 0.14153561, 0.21663529, 0.20700079, 0.5723917, -0.112883404, 0.8096875, 0.06349055, 1437.2059, 1437.2059, 961.68506, 725.82654, , 
133179.24148375, 000026, 0.14046082, 0.2186613, 0.20678961, 0.5716257, -0.110489726, 0.81064546, 0.0623697, 1437.1791, 1437.1791, 961.6985, 725.8254, , 
133179.258155958, 000027, 0.1395486, 0.2204267, 0.20658737, 0.5711105, -0.10801141, 0.8114378, 0.061114226, 1437.2289, 1437.2289, 961.69556, 725.82935, , 
133179.291500166, 000028, 0.13850643, 0.22289714, 0.20629199, 0.5711541, -0.10180937, 0.81248194, 0.057367142, 1437.1984, 1437.1984, 961.6902, 725.8266, , 
133179.308172125, 000029, 0.13812363, 0.22399645, 0.20615618, 0.57178724, -0.098378465, 0.81261426, 0.055126507, 1437.1371, 1437.1371, 961.68884, 725.8826, , 
133179.324844458, 000030, 0.13784319, 0.22506416, 0.20602517, 0.5728959, -0.09526777, 0.8123279, 0.05326984, 1437.1486, 1437.1486, 961.6991, 725.8738, , 
133179.341516416, 000031, 0.13736095, 0.22625813, 0.20584299, 0.57440835, -0.09255146, 0.8116497, 0.052095056, 1437.1984, 1437.1984, 961.70276, 725.87115, , 
133179.358188666, 000032, 0.13713372, 0.22737737, 0.2056347, 0.57640344, -0.08992864, 0.81058294, 0.05125621, 1437.2211, 1437.2211, 961.7005, 725.90015, , 
133179.374860708, 000033, 0.13724384, 0.2284243, 0.20543012, 0.57881, -0.08694513, 0.809258, 0.050209817, 1437.1255, 1437.1255, 961.68915, 725.9349, , 
133179.391533, 000034, 0.13761532, 0.22944908, 0.20523389, 0.5812375, -0.08370024, 0.8079266, 0.049110156, 1437.1562, 1437.1562, 961.69745, 725.93475, , 
133179.408204875, 000035, 0.13823873, 0.2304494, 0.2050361, 0.5834378, -0.08029651, 0.80674, 0.0481997, 1437.2059, 1437.2059, 961.63116, 725.94244, , 
133179.42487725, 000036, 0.13911313, 0.23143199, 0.20483525, 0.5856009, -0.07668435, 0.8055789, 0.047262423, 1437.2479, 1437.2479, 961.6312, 725.91425, , 
133179.44154925, 000037, 0.13993666, 0.23258266, 0.20478065, 0.58813494, -0.07254832, 0.80419046, 0.04595203, 1437.2135, 1437.2135, 961.64484, 725.98413, , 
133179.458221375, 000038, 0.141031, 0.23360205, 0.20470087, 0.59105575, -0.06795076, 0.802546, 0.04422185, 1437.0643, 1437.0643, 961.63574, 725.9919, , 
133179.474893458, 000039, 0.14256257, 0.23445109, 0.20461588, 0.5937069, -0.06309875, 0.8010885, 0.04228364, 1437.0491, 1437.0491, 961.63763, 725.9766, , 
133179.491565625, 000040, 0.14456865, 0.23517713, 0.2046497, 0.59547025, -0.0589846, 0.8001536, 0.041112226, 1437.1025, 1437.1025, 961.6451, 725.98065, , 
133179.508237791, 000041, 0.1470488, 0.2357792, 0.20483895, 0.5961256, -0.056384474, 0.79984057, 0.04135184, 1437.2861, 1437.2861, 961.64636, 726.0459, , 
133179.524909875, 000042, 0.14990285, 0.23627509, 0.2051541, 0.5960438, -0.05496307, 0.79993737, 0.04255428, 1437.4047, 1437.4047, 961.6823, 726.03284, , 
133179.541582, 000043, 0.15209112, 0.23750773, 0.20555374, 0.59586716, -0.05368356, 0.80006754, 0.044184145, 1437.3666, 1437.3666, 961.65045, 726.0545, , 
133179.558254166, 000044, 0.15458095, 0.23848973, 0.205903, 0.59603995, -0.051234994, 0.8000581, 0.044923767, 1437.3512, 1437.3512, 961.58887, 726.0464, , 
133179.574926291, 000045, 0.1575283, 0.23914072, 0.20616612, 0.59588075, -0.046468526, 0.8005611, 0.043229174, 1436.9994, 1436.9994, 961.6033, 726.07153, , 
133179.591598458, 000046, 0.1607756, 0.23970777, 0.20636293, 0.5947188, -0.04063032, 0.8018976, 0.040237024, 1437.1371, 1437.1371, 961.6009, 726.1118, , 
133179.608270541, 000047, 0.16427016, 0.24030156, 0.20653872, 0.5930386, -0.034813106, 0.8035797, 0.036779903, 1437.2976, 1437.2976, 961.6037, 726.0906, , 
133179.62494275, 000048, 0.16789243, 0.24095006, 0.2066902, 0.5917553, -0.029880712, 0.8048657, 0.033526633, 1437.2441, 1437.2441, 961.6138, 726.105, , 
133179.641614875, 000049, 0.17124945, 0.2421616, 0.20715499, 0.59137416, -0.026728388, 0.8053472, 0.03127327, 1437.1715, 1437.1715, 961.5893, 726.0803, , 
133179.658287, 000050, 0.17477718, 0.24331217, 0.20750986, 0.59176844, -0.025515046, 0.80511665, 0.030763632, 1437.1332, 1437.1332, 961.59644, 726.13477, , 
133179.674958958, 000051, 0.17858452, 0.244279, 0.20771861, 0.59230125, -0.026056638, 0.8046674, 0.031787585, 1437.3322, 1437.3322, 961.59393, 726.1637, , 
133179.691631208, 000052, 0.1825029, 0.24526212, 0.20792404, 0.59250355, -0.0265696, 0.80447555, 0.03244386, 1437.1371, 1437.1371, 961.5323, 726.12366, , 
133179.708303208, 000053, 0.18651518, 0.24625576, 0.20817244, 0.59218717, -0.026670694, 0.80469877, 0.032603353, 1437.267, 1437.267, 961.54034, 726.15247, , 
133179.724975583, 000054, 0.19057311, 0.24724251, 0.20842618, 0.59172124, -0.026676707, 0.8050479, 0.03243423, 1437.267, 1437.267, 961.54285, 726.2248, , 
133179.741647541, 000055, 0.19438192, 0.24845974, 0.20897093, 0.59161454, -0.027114414, 0.8051169, 0.032308504, 1437.1753, 1437.1753, 961.5659, 726.2217, , 
133179.758319625, 000056, 0.19829473, 0.24960397, 0.20940207, 0.59195876, -0.02858627, 0.80478704, 0.032944784, 1437.2174, 1437.2174, 961.55646, 726.2264, , 
133179.774991791, 000057, 0.20237935, 0.25062057, 0.20964661, 0.5927534, -0.030464122, 0.804078, 0.034262136, 1437.2174, 1437.2174, 961.53015, 726.2195, , 
133179.791663916, 000058, 0.20654964, 0.251595, 0.2098396, 0.59352076, -0.03187065, 0.80340344, 0.03550057, 1437.2289, 1437.2289, 961.546, 726.23004, , 
133179.808336083, 000059, 0.21079561, 0.25257844, 0.21000788, 0.59366953, -0.03264143, 0.8032462, 0.03586762, 1437.2441, 1437.2441, 961.4805, 726.2664, , 
133179.825008166, 000060, 0.21511132, 0.25357145, 0.21012811, 0.5933072, -0.03275264, 0.8035152, 0.035735983, 1437.118, 1437.118, 961.4828, 726.2842, , 
133179.841680375, 000061, 0.21959719, 0.25485548, 0.21014431, 0.5934098, -0.033695605, 0.8033709, 0.03639484, 1437.0414, 1437.0414, 961.4768, 726.2688, , 
133179.8583525, 000062, 0.22436848, 0.2559986, 0.2100899, 0.5940047, -0.035388056, 0.8027687, 0.038318884, 1437.3245, 1437.3245, 961.47455, 726.29266, , 
133179.875024583, 000063, 0.22936791, 0.25696048, 0.2100249, 0.5937704, -0.036416672, 0.80282056, 0.039870188, 1437.2748, 1437.2748, 961.4639, 726.27203, , 
133179.89169675, 000064, 0.23454434, 0.2577915, 0.20999703, 0.59345746, -0.03713886, 0.8029719, 0.040803086, 1437.1409, 1437.1409, 961.4854, 726.3377, , 
133179.908368916, 000065, 0.23991051, 0.25848648, 0.21004096, 0.592851, -0.03760725, 0.80338603, 0.041039754, 1437.1753, 1437.1753, 961.4345, 726.35114, , 
133179.925041041, 000066, 0.24551758, 0.25905794, 0.21012603, 0.59148854, -0.037757687, 0.80438495, 0.0409921, 1437.1868, 1437.1868, 961.4207, 726.3577, , 
133179.941713208, 000067, 0.25124747, 0.26007378, 0.21006115, 0.5896903, -0.038142838, 0.805668, 0.04134634, 1437.2098, 1437.2098, 961.43713, 726.3317, , 
133179.958385333, 000068, 0.25730854, 0.26084942, 0.21002404, 0.5880376, -0.03888395, 0.80680394, 0.042037483, 1437.1676, 1437.1676, 961.42755, 726.3399, , 
133179.975057416, 000069, 0.2637728, 0.2612292, 0.21006557, 0.58641493, -0.039673176, 0.8079003, 0.04289984, 1437.2135, 1437.2135, 961.41315, 726.3659, , 
133179.991729583, 000070, 0.2705882, 0.2614013, 0.21014145, 0.5849829, -0.04038321, 0.8088582, 0.043731723, 1437.2211, 1437.2211, 961.4244, 726.3436, , 
133180.008401541, 000071, 0.2777444, 0.26141378, 0.21023978, 0.5839307, -0.041122276, 0.809532, 0.04462936, 1437.2059, 1437.2059, 961.3971, 726.36346, , 
133180.025073875, 000072, 0.2852415, 0.26127243, 0.2103813, 0.58318835, -0.042169955, 0.80994946, 0.045768313, 1437.1984, 1437.1984, 961.4233, 726.36163, , 
133180.041745833, 000073, 0.29314542, 0.26115242, 0.20995232, 0.5827113, -0.043447994, 0.8101569, 0.046962835, 1437.2327, 1437.2327, 961.4204, 726.35, , 
133180.058418208, 000074, 0.3013535, 0.26087767, 0.20970102, 0.5824875, -0.04448366, 0.8102112, 0.047824327, 1437.1943, 1437.1943, 961.42883, 726.3526, , 
133180.075090125, 000075, 0.30986485, 0.26041955, 0.20979929, 0.5824909, -0.045430265, 0.8101218, 0.04840523, 1437.1294, 1437.1294, 961.4137, 726.3415, , 
133180.091762416, 000076, 0.3187404, 0.2598314, 0.21007198, 0.5825288, -0.04639997, 0.810011, 0.04887993, 1437.1943, 1437.1943, 961.4176, 726.35187, , 
133180.108434416, 000077, 0.32800946, 0.25912285, 0.21048515, 0.582301, -0.047513187, 0.81007767, 0.049417436, 1437.2404, 1437.2404, 961.41626, 726.3126, , 
133180.1251065, 000078, 0.3376219, 0.25831446, 0.21101011, 0.58183354, -0.048611652, 0.8103176, 0.049919184, 1437.3207, 1437.3207, 961.3643, 726.29364, , 
133180.141778708, 000079, 0.34747157, 0.25730303, 0.21094082, 0.58136606, -0.049013928, 0.8106293, 0.049911134, 1437.1562, 1437.1562, 961.34973, 726.27515, , 
133180.158450791, 000080, 0.35768422, 0.25626382, 0.21107565, 0.5808718, -0.049283374, 0.8109783, 0.049729854, 1437.2059, 1437.2059, 961.35864, 726.2942, , 
133180.175122958, 000081, 0.36827224, 0.25522253, 0.21157673, 0.58038217, -0.049763475, 0.81130207, 0.049688008, 1437.2365, 1437.2365, 961.3608, 726.2722, , 
133180.191795083, 000082, 0.3792131, 0.2541246, 0.21221521, 0.58002126, -0.050624676, 0.8114837, 0.050063796, 1437.202, 1437.202, 961.33453, 726.28436, , 
133180.208467208, 000083, 0.39049277, 0.25291595, 0.21291669, 0.57985526, -0.051999923, 0.81146353, 0.050898273, 1437.2441, 1437.2441, 961.37445, 726.3003, , 
133180.225139333, 000084, 0.4021197, 0.25157663, 0.21361949, 0.5799599, -0.053472325, 0.8112322, 0.051859118, 1437.1523, 1437.1523, 961.36115, 726.2326, , 
133180.241811458, 000085, 0.41462913, 0.24931125, 0.21403643, 0.58034515, -0.0548953, 0.81078845, 0.05299152, 1437.202, 1437.202, 961.3485, 726.2279, , 
133180.258483666, 000086, 0.4273794, 0.24709994, 0.21452896, 0.58054906, -0.05627008, 0.8104839, 0.05396564, 1437.29, 1437.29, 961.34564, 726.2229, , 
133180.275155708, 000087, 0.44019726, 0.24508995, 0.21518342, 0.58068246, -0.057737295, 0.8102344, 0.054720774, 1437.2404, 1437.2404, 961.3661, 726.2368, , 
133180.291827916, 000088, 0.45323232, 0.24303524, 0.21589592, 0.5806757, -0.059395526, 0.81007683, 0.05534555, 1437.2327, 1437.2327, 961.3567, 726.24725, , 
133180.308500041, 000089, 0.4665279, 0.24083555, 0.21661618, 0.5803236, -0.06115685, 0.8101553, 0.05597109, 1437.3091, 1437.3091, 961.35376, 726.2482, , 
133180.341844291, 000090, 0.4932553, 0.23581888, 0.2179235, 0.57802516, -0.06233136, 0.8117159, 0.055848558, 1437.2861, 1437.2861, 961.3448, 726.2033, , 
133180.358516458, 000091, 0.5066264, 0.23320802, 0.21853359, 0.57601804, -0.061474558, 0.81327134, 0.054898363, 1437.29, 1437.29, 961.34143, 726.1753, , 
133180.375188416, 000092, 0.5201465, 0.23076956, 0.21918319, 0.57350206, -0.060230263, 0.81521595, 0.053762566, 1437.42, 1437.42, 961.3278, 726.16394, , 
133180.391860666, 000093, 0.53355914, 0.22849703, 0.21984403, 0.57066244, -0.05902218, 0.81735617, 0.052816186, 1437.8483, 1437.8483, 961.3609, 726.18353, , 
133180.408532708, 000094, 0.54667836, 0.226461, 0.22047949, 0.5677384, -0.05799928, 0.8195077, 0.052117363, 1437.8138, 1437.8138, 961.3419, 726.181, , 
133180.425204958, 000095, 0.55933416, 0.22474833, 0.22109728, 0.56477004, -0.05693967, 0.82167965, 0.051332768, 1437.726, 1437.726, 961.3554, 726.1869, , 
133180.441876958, 000096, 0.5709994, 0.22353856, 0.22178324, 0.56198543, -0.055855833, 0.8237289, 0.050230976, 1437.6075, 1437.6075, 961.3661, 726.19257, , 
133180.45854925, 000097, 0.58242196, 0.22282837, 0.22238554, 0.5595762, -0.054697093, 0.8255151, 0.049066294, 1437.6953, 1437.6953, 961.3451, 726.16547, , 
133180.475221208, 000098, 0.5936686, 0.22264609, 0.22287151, 0.5578595, -0.054120746, 0.8267378, 0.04866319, 1437.8636, 1437.8636, 961.33813, 726.17017, , 
133180.491893333, 000099, 0.60437924, 0.22310054, 0.22327372, 0.5572393, -0.05482811, 0.8270802, 0.049160086, 1437.8102, 1437.8102, 961.33777, 726.1801, , 
133180.5085655, 000100, 0.6144049, 0.22427805, 0.22362942, 0.5577101, -0.056676053, 0.8265833, 0.05007132, 1437.6838, 1437.6838, 961.3626, 726.1579, , 
133180.525237625, 000101, 0.6237182, 0.2261923, 0.2239864, 0.55867535, -0.05900582, 0.82570934, 0.051030874, 1437.5807, 1437.5807, 961.3485, 726.1735, , 
133180.54190975, 000102, 0.63180476, 0.22843774, 0.22417626, 0.559777, -0.0613411, 0.8247215, 0.052167192, 1437.6381, 1437.6381, 961.3566, 726.2193, , 
133180.558581875, 000103, 0.6395201, 0.23146933, 0.22446579, 0.56057996, -0.06356788, 0.82392377, 0.053467944, 1438.2308, 1438.2308, 961.2905, 726.24207, , 
133180.575254, 000104, 0.6469859, 0.23541583, 0.22492032, 0.5608916, -0.06535145, 0.82349604, 0.05462445, 1438.2345, 1438.2345, 961.2796, 726.28827, , 
133180.591926125, 000105, 0.6539658, 0.2402024, 0.2254946, 0.5607799, -0.06698432, 0.82335997, 0.05583158, 1438.2308, 1438.2308, 961.28876, 726.3017, , 
133180.608598291, 000106, 0.66038966, 0.2458671, 0.22619538, 0.56064254, -0.06865779, 0.82323974, 0.056941908, 1438.1313, 1438.1313, 961.2782, 726.3687, , 
133180.625270375, 000107, 0.6662767, 0.2523659, 0.22707476, 0.56037855, -0.07027125, 0.8232193, 0.057858963, 1438.0243, 1438.0243, 961.23346, 726.3994, , 
133180.641942583, 000108, 0.66997004, 0.2595919, 0.2283936, 0.5598267, -0.07182039, 0.823384, 0.058945227, 1438.1122, 1438.1122, 961.22473, 726.42535, , 
133180.658614666, 000109, 0.6737356, 0.2675338, 0.22987998, 0.5588163, -0.07299016, 0.8238736, 0.060240272, 1438.1925, 1438.1925, 961.2174, 726.49023, , 
133180.675286833, 000110, 0.6780027, 0.27618408, 0.23151042, 0.5571231, -0.07351914, 0.82488483, 0.06143037, 1438.3684, 1438.3684, 961.14386, 726.5576, , 
133180.691958875, 000111, 0.68217784, 0.28555658, 0.23334676, 0.5550658, -0.07359836, 0.8261959, 0.062333655, 1438.7587, 1438.7587, 961.16797, 726.6113, , 
133180.708631041, 000112, 0.6860989, 0.29564974, 0.23541306, 0.5529298, -0.07382041, 0.8275556, 0.06301429, 1438.7546, 1438.7546, 961.11237, 726.67413, , 
133180.725303166, 000113, 0.68973494, 0.3064476, 0.23771186, 0.55084735, -0.074258074, 0.8288712, 0.063444965, 1438.7433, 1438.7433, 961.1026, 726.73975, , 
133180.741975125, 000114, 0.69113153, 0.31778502, 0.24044465, 0.54901785, -0.07495089, 0.82999635, 0.06377804, 1438.7587, 1438.7587, 961.0407, 726.80347, , 
133180.758647416, 000115, 0.69274074, 0.329805, 0.24333309, 0.5474013, -0.07594972, 0.83093864, 0.06422091, 1438.7777, 1438.7777, 961.0328, 726.8604, , 
133180.775319416, 000116, 0.69501585, 0.34246954, 0.24633044, 0.54591995, -0.07705156, 0.8317808, 0.064615436, 1438.7394, 1438.7394, 960.9868, 726.93353, , 
133180.791991666, 000117, 0.69732666, 0.35565096, 0.24953409, 0.5445474, -0.078252815, 0.83255637, 0.06476378, 1438.6935, 1438.6935, 960.9856, 727.0126, , 
133180.808663666, 000118, 0.69953614, 0.36924785, 0.25299847, 0.5431157, -0.079433784, 0.8333851, 0.06468857, 1438.8503, 1438.8503, 960.91626, 727.0589, , 
133180.825335958, 000119, 0.70163625, 0.38316622, 0.2567562, 0.5415423, -0.08072788, 0.8342864, 0.064661056, 1439.2404, 1439.2404, 960.91315, 727.11914, , 
133180.842007916, 000120, 0.702718, 0.39709324, 0.26084113, 0.53980374, -0.0821235, 0.83526236, 0.06484008, 1439.3359, 1439.3359, 960.8601, 727.1559, , 
133180.875352208, 000121, 0.7053342, 0.42521554, 0.26932007, 0.5358366, -0.08587011, 0.8373092, 0.066473365, 1439.2404, 1439.2404, 960.81165, 727.32574, , 
133180.892024375, 000122, 0.7068527, 0.43912256, 0.27362272, 0.5334575, -0.08761926, 0.83855313, 0.06763498, 1439.2443, 1439.2443, 960.79297, 727.38574, , 
133180.908696416, 000123, 0.708428, 0.45281002, 0.2779967, 0.53046566, -0.089267716, 0.84018606, 0.06873704, 1439.3169, 1439.3169, 960.77057, 727.3542, , 
133180.925368583, 000124, 0.70994633, 0.46620107, 0.28241584, 0.52667564, -0.09143067, 0.84223753, 0.0699223, 1439.4966, 1439.4966, 960.7195, 727.45465, , 
133180.942040708, 000125, 0.711576, 0.4795415, 0.28719747, 0.52291936, -0.094211, 0.84418356, 0.07094909, 1439.378, 1439.378, 960.7198, 727.4381, , 
133180.958712875, 000126, 0.7128124, 0.49252856, 0.29191384, 0.52031, -0.098332874, 0.8452137, 0.07226257, 1439.2328, 1439.2328, 960.71783, 727.4152, , 
133180.975384916, 000127, 0.7135684, 0.50496185, 0.29653218, 0.5194399, -0.10342512, 0.8449741, 0.07418946, 1439.1984, 1439.1984, 960.6625, 727.44415, , 
133180.992057125, 000128, 0.7140548, 0.51683116, 0.30121693, 0.51971394, -0.107732914, 0.8440895, 0.07618161, 1439.2404, 1439.2404, 960.6629, 727.4802, , 
133181.008729208, 000129, 0.7144812, 0.52821195, 0.3060161, 0.5194073, -0.11004626, 0.8438516, 0.07758883, 1439.0912, 1439.0912, 960.6716, 727.4281, , 
133181.025401291, 000130, 0.71496254, 0.5391929, 0.31091878, 0.5175458, -0.11189379, 0.8446362, 0.07883853, 1438.8389, 1438.8389, 960.6706, 727.39886, , 
133181.042073458, 000131, 0.71467745, 0.5499011, 0.31572416, 0.5147336, -0.11519944, 0.84578586, 0.080152676, 1438.8273, 1438.8273, 960.62823, 727.30646, , 
133181.058745625, 000132, 0.7144893, 0.5602059, 0.32071766, 0.51202357, -0.11938043, 0.84675354, 0.08116999, 1438.7777, 1438.7777, 960.6591, 727.28033, , 
133181.075417708, 000133, 0.7145674, 0.5699852, 0.32596558, 0.5097741, -0.12204982, 0.84769857, 0.08149303, 1438.9192, 1438.9192, 960.6635, 727.2898, , 
133181.108762, 000134, 0.71431047, 0.5881571, 0.33674234, 0.50721306, -0.123428285, 0.84920985, 0.07964099, 1438.8618, 1438.8618, 960.6385, 727.1445, , 
133181.125433958, 000135, 0.71370125, 0.59668285, 0.342187, 0.5071535, -0.12588291, 0.84903944, 0.07797842, 1438.659, 1438.659, 960.6435, 726.99274, , 
133181.142106291, 000136, 0.71206677, 0.60460883, 0.34719333, 0.50860786, -0.1303114, 0.847564, 0.07727896, 1438.571, 1438.571, 960.64197, 726.97565, , 
133181.158778208, 000137, 0.71052337, 0.61189765, 0.35235053, 0.51057935, -0.1350759, 0.8456088, 0.077516474, 1438.6974, 1438.6974, 960.6519, 726.8626, , 
133181.175450541, 000138, 0.7094175, 0.6185513, 0.35775995, 0.51181, -0.13850437, 0.8443154, 0.077448286, 1438.8389, 1438.8389, 960.6921, 726.7977, , 
133181.192122458, 000139, 0.7085356, 0.62456405, 0.36320353, 0.5122936, -0.14092553, 0.8437193, 0.07637412, 1438.6707, 1438.6707, 960.6849, 726.68915, , 
133181.208794583, 000140, 0.7078077, 0.6299207, 0.36860088, 0.51225764, -0.14344229, 0.843487, 0.0744708, 1438.0702, 1438.0702, 960.68713, 726.5875, , 
133181.22546675, 000141, 0.7073376, 0.6345974, 0.37396562, 0.5111689, -0.1461039, 0.84387136, 0.072396025, 1438.1543, 1438.1543, 960.67426, 726.50037, , 
133181.242138916, 000142, 0.7065685, 0.63838845, 0.3791001, 0.5083095, -0.14823653, 0.8454134, 0.0701678, 1438.2651, 1438.2651, 960.7187, 726.4062, , 
133181.258810958, 000143, 0.7062515, 0.6416845, 0.38430822, 0.5039562, -0.14889598, 0.84813124, 0.06731578, 1438.3073, 1438.3073, 960.721, 726.2985, , 
133181.275483125, 000144, 0.7064331, 0.6445851, 0.38958877, -0.4986822, 0.1475863, -0.8517489, -0.06370315, 1438.2844, 1438.2844, 960.7179, 726.2108, , 
133181.29215525, 000145, 0.7068377, 0.64706266, 0.39485434, -0.4928249, 0.14447013, -0.8559751, -0.05965352, 1438.1428, 1438.1428, 960.79724, 726.12427, , 
133181.308827375, 000146, 0.7074299, 0.6491615, 0.40009296, -0.48640805, 0.14079437, -0.8604863, -0.05610143, 1438.246, 1438.246, 960.80475, 725.9987, , 
133181.3254995, 000147, 0.7081712, 0.6510129, 0.40525946, -0.47989914, 0.13745709, -0.86484754, -0.053300783, 1438.2844, 1438.2844, 960.8396, 725.92566, , 
133181.342171625, 000148, 0.7089433, 0.6534053, 0.41079822, -0.474061, 0.1347678, -0.86860573, -0.051261373, 1438.2231, 1438.2231, 960.86163, 725.7886, , 
133181.35884375, 000149, 0.7097717, 0.65548307, 0.41595683, -0.46897253, 0.13293779, -0.87171805, -0.04999853, 1438.162, 1438.162, 960.92255, 725.73334, , 
133181.375515916, 000150, 0.71069044, 0.6570963, 0.4206247, -0.4641679, 0.13158575, -0.8745426, -0.04907663, 1438.1774, 1438.1774, 960.9171, 725.6492, , 
133181.392188, 000151, 0.71169287, 0.65844476, 0.42502806, -0.45905417, 0.13048352, -0.8774512, -0.04819468, 1438.1199, 1438.1199, 960.9873, 725.547, , 
133181.408860125, 000152, 0.7128644, 0.6595978, 0.42927632, -0.45335785, 0.1295096, -0.8805972, -0.04735456, 1438.0625, 1438.0625, 961.0428, 725.4843, , 
133181.425532291, 000153, 0.71430415, 0.6605633, 0.43345514, -0.44706312, 0.12875345, -0.8839555, -0.046687927, 1438.1238, 1438.1238, 961.05634, 725.4241, , 
133181.442204375, 000154, 0.7158309, 0.6621399, 0.43809128, -0.44028646, 0.12787534, -0.88749844, -0.046283603, 1438.2345, 1438.2345, 961.11646, 725.39075, , 
133181.458876333, 000155, 0.71765625, 0.66336066, 0.44253594, -0.43286002, 0.12649493, -0.89136237, -0.045873664, 1438.2538, 1438.2538, 961.1895, 725.33575, , 
133181.475548666, 000156, 0.7198297, 0.6640516, 0.4466385, -0.42509097, 0.12489914, -0.89533645, -0.04550148, 1438.1925, 1438.1925, 961.19507, 725.264, , 
133181.492220625, 000157, 0.72228914, 0.6644964, 0.45056581, -0.4171547, 0.12337809, -0.89928156, -0.045302395, 1438.1964, 1438.1964, 961.2439, 725.2881, , 
133181.508892875, 000158, 0.72502893, 0.6647919, 0.45435476, -0.4093048, 0.12213687, -0.90305173, -0.045274314, 1438.25, 1438.25, 961.32556, 725.27423, , 
133181.525564875, 000159, 0.72804785, 0.6649877, 0.4579544, -0.4020353, 0.12116079, -0.9064352, -0.045419373, 1438.2345, 1438.2345, 961.3541, 725.1976, , 
133181.542237166, 000160, 0.73091674, 0.66576225, 0.46136934, -0.39549196, 0.12026715, -0.9094129, -0.04571696, 1438.1774, 1438.1774, 961.37604, 725.1936, , 
133181.558909083, 000161, 0.7341124, 0.66632146, 0.4645859, -0.3893682, 0.11955445, -0.91212535, -0.04611321, 1438.0702, 1438.0702, 961.43976, 725.20197, , 
133181.575581208, 000162, 0.73775476, 0.66652817, 0.46765068, -0.38323122, 0.11908897, -0.9147635, -0.046467304, 1437.7604, 1437.7604, 961.5109, 725.2093, , 
133181.592253333, 000163, 0.74175966, 0.6665826, 0.47059023, -0.3768764, 0.119115874, -0.9173771, -0.04684813, 1437.7911, 1437.7911, 961.5258, 725.2, , 
133181.608925416, 000164, 0.7460662, 0.66654295, 0.47335044, -0.3704077, 0.11933354, -0.9199679, -0.04708132, 1437.7643, 1437.7643, 961.588, 725.2666, , 
133181.625597625, 000165, 0.75059533, 0.66642576, 0.47588187, -0.36379588, 0.11928872, -0.9226143, -0.046964534, 1437.6304, 1437.6304, 961.6361, 725.265, , 
133181.64226975, 000166, 0.75540715, 0.6665564, 0.47846395, -0.35681248, 0.11941657, -0.92533416, -0.046703365, 1437.7068, 1437.7068, 961.6509, 725.2741, , 
133181.658941875, 000167, 0.7603319, 0.66648656, 0.48079073, -0.34920958, 0.11939598, -0.9282611, -0.0461363, 1437.7756, 1437.7756, 961.7151, 725.3333, , 
133181.675614, 000168, 0.76532394, 0.6661702, 0.48278746, -0.34131265, 0.11875837, -0.931326, -0.045099773, 1437.6189, 1437.6189, 961.75244, 725.3423, , 
133181.692286125, 000169, 0.77050817, 0.665746, 0.4845828, -0.33326194, 0.11823439, -0.9343472, -0.04418529, 1437.7068, 1437.7068, 961.7793, 725.39966, , 
133181.70895825, 000170, 0.77587736, 0.66529626, 0.48620856, -0.32530487, 0.11826339, -0.93717855, -0.04343703, 1437.7948, 1437.7948, 961.79614, 725.4326, , 
133181.725630333, 000171, 0.7813616, 0.66487527, 0.4876383, -0.31755728, 0.11847994, -0.9398484, -0.042482764, 1437.6572, 1437.6572, 961.8212, 725.4481, , 
133181.742302458, 000172, 0.78748375, 0.6646299, 0.48899472, -0.30987355, 0.118775666, -0.9424276, -0.041241817, 1437.6953, 1437.6953, 961.8353, 725.51276, , 
133181.758974625, 000173, 0.7935991, 0.6643606, 0.49014905, -0.3018351, 0.11867316, -0.94511735, -0.039565753, 1437.6917, 1437.6917, 961.90186, 725.53595, , 
133181.775646708, 000174, 0.799595, 0.6640423, 0.49105898, -0.29335523, 0.11825448, -0.94791293, -0.037677392, 1437.6953, 1437.6953, 961.89136, 725.5622, , 
133181.792318833, 000175, 0.80561876, 0.6637181, 0.4917064, -0.28472424, 0.1179448, -0.95064574, -0.035969187, 1437.7719, 1437.7719, 961.88727, 725.63464, , 
133181.808990958, 000176, 0.81165093, 0.663441, 0.49202782, -0.27609882, 0.117352106, -0.95332116, -0.03430168, 1437.7222, 1437.7222, 961.9287, 725.6778, , 
133181.825662916, 000177, 0.8176796, 0.66326004, 0.49202585, -0.26720467, 0.11619826, -0.95605993, -0.032388795, 1437.5997, 1437.5997, 961.9622, 725.7069, , 
133181.842335166, 000178, 0.8239762, 0.66343254, 0.49183288, -0.25767186, 0.114990905, -0.95888186, -0.03045805, 1437.5271, 1437.5271, 961.94147, 725.7584, , 
133181.859007125, 000179, 0.8303625, 0.66355544, 0.49155188, -0.24674189, 0.11433996, -0.96188164, -0.02878247, 1437.6572, 1437.6572, 961.9414, 725.78766, , 
133181.875679416, 000180, 0.83681935, 0.66354257, 0.4913206, -0.23423877, 0.11373216, -0.96511996, -0.027214674, 1437.7987, 1437.7987, 961.94934, 725.8139, , 
133181.892351375, 000181, 0.84342974, 0.66351074, 0.4912067, -0.22068405, 0.11265036, -0.9684767, -0.025714712, 1437.8407, 1437.8407, 961.93787, 725.8864, , 
133181.9090235, 000182, 0.8501548, 0.66354054, 0.49117157, -0.20702456, 0.111519, -0.9716545, -0.024329415, 1437.8177, 1437.8177, 961.94714, 725.90625, , 
133181.925695625, 000183, 0.85686016, 0.6637277, 0.49114564, -0.19412056, 0.11114059, -0.9743926, -0.022888895, 1437.8636, 1437.8636, 961.95685, 725.9696, , 
133181.942367833, 000184, 0.8634072, 0.66415733, 0.49095803, -0.18283667, 0.11174164, -0.97654057, -0.021282032, 1437.7068, 1437.7068, 961.9477, 725.9926, , 
133181.959039875, 000185, 0.8697731, 0.66493654, 0.4907182, -0.17324585, 0.113406256, -0.9781316, -0.01957923, 1437.5769, 1437.5769, 961.9567, 726.0, , 
133181.975711958, 000186, 0.87598306, 0.6660467, 0.4905423, -0.16480576, 0.11618335, -0.9792913, -0.018134777, 1437.6304, 1437.6304, 961.87616, 726.0545, , 
133181.992384125, 000187, 0.8820161, 0.6674119, 0.49043646, -0.15691622, 0.11945902, -0.9802135, -0.01697786, 1437.8407, 1437.8407, 961.87036, 726.0508, , 
133182.00905625, 000188, 0.8877867, 0.66899806, 0.49033496, -0.14906952, 0.12230755, -0.9811066, -0.015779268, 1438.2805, 1438.2805, 961.88617, 726.12646, , 
133182.025728375, 000189, 0.8932411, 0.67074984, 0.49011385, -0.14134529, 0.12434021, -0.9820141, -0.01446475, 1438.2997, 1438.2997, 961.8661, 726.107, , 
133182.042400458, 000190, 0.8985803, 0.67245, 0.4898907, -0.13389227, 0.12559286, -0.9829173, -0.013143456, 1438.1543, 1438.1543, 961.8224, 726.22504, , 
133182.059072583, 000191, 0.9035612, 0.6742314, 0.48940274, -0.12656741, 0.12624575, -0.9838205, -0.011827133, 1438.0052, 1438.0052, 961.8405, 726.2367, , 
133182.07574475, 000192, 0.9081882, 0.67609435, 0.48867813, -0.11912869, 0.12621891, -0.9847666, -0.010569692, 1437.5502, 1437.5502, 961.778, 726.2511, , 
133182.092416833, 000193, 0.9126, 0.67793906, 0.48789012, -0.11152148, 0.12595576, -0.98570085, -0.009585718, 1437.5463, 1437.5463, 961.74786, 726.29395, , 
133182.109089, 000194, 0.91684526, 0.6796843, 0.48715115, -0.1036528, 0.12554751, -0.9866178, -0.008896352, 1437.6532, 1437.6532, 961.70013, 726.3255, , 
133182.125761041, 000195, 0.9209484, 0.68127435, 0.4865235, -0.09532107, 0.124345146, -0.98761433, -0.008363717, 1437.6917, 1437.6917, 961.64703, 726.31946, , 
133182.142433208, 000196, 0.92575574, 0.6828916, 0.48648924, -0.08696206, 0.122494444, -0.98862016, -0.007928714, 1437.6838, 1437.6838, 961.6372, 726.39124, , 
133182.159105333, 000197, 0.930242, 0.6842938, 0.48642504, -0.07898584, 0.120878935, -0.98949033, -0.007639384, 1437.7068, 1437.7068, 961.5693, 726.3915, , 
133182.175777416, 000198, 0.9341992, 0.6854372, 0.48628756, -0.0711898, 0.120102406, -0.9901776, -0.007459929, 1437.7145, 1437.7145, 961.528, 726.3666, , 
133182.192449416, 000199, 0.93791825, 0.68633443, 0.48627457, -0.06344845, 0.11980199, -0.99073905, -0.0076062954, 1437.8407, 1437.8407, 961.5204, 726.40533, , 
133182.209121666, 000200, 0.941476, 0.687025, 0.48632717, -0.05643089, 0.11948054, -0.9911988, -0.008060182, 1437.8368, 1437.8368, 961.45306, 726.47327, , 
133182.225793625, 000201, 0.9448248, 0.6876269, 0.48636124, -0.05045059, 0.11907432, -0.9915662, -0.008512313, 1437.7797, 1437.7797, 961.3629, 726.46564, , 
133182.242465958, 000202, 0.9482582, 0.68856806, 0.48701042, -0.045672715, 0.11882453, -0.99182653, -0.0086477185, 1437.6877, 1437.6877, 961.4002, 726.45215, , 
133182.259137916, 000203, 0.95130277, 0.6894825, 0.48747116, -0.041889876, 0.1186638, -0.99201477, -0.008415843, 1437.592, 1437.592, 961.3552, 726.461, , 
133182.275809958, 000204, 0.9539125, 0.690258, 0.48760602, -0.038660076, 0.11843909, -0.99217504, -0.008136347, 1437.6342, 1437.6342, 961.29083, 726.3923, , 
133182.292482083, 000205, 0.95623136, 0.6909688, 0.48768747, -0.03546965, 0.117718875, -0.99238133, -0.00796145, 1437.661, 1437.661, 961.26184, 726.40295, , 
133182.309154208, 000206, 0.9583231, 0.6916844, 0.4877948, -0.032143366, 0.11646283, -0.9926436, -0.007861757, 1437.7336, 1437.7336, 961.2038, 726.3986, , 
133182.325826375, 000207, 0.9602275, 0.6924701, 0.4879376, -0.028783657, 0.1150639, -0.99291086, -0.0077217454, 1437.6877, 1437.6877, 961.1985, 726.3944, , 
133182.342498458, 000208, 0.96077836, 0.69381106, 0.48899403, -0.025214648, 0.11416655, -0.993114, -0.0073963907, 1437.726, 1437.726, 961.1488, 726.3741, , 
133182.359170583, 000209, 0.9614121, 0.6949668, 0.4899636, -0.021071214, 0.113431625, -0.9932967, -0.0071328906, 1437.7489, 1437.7489, 961.16437, 726.3943, , 
133182.375842666, 000210, 0.9624698, 0.69580895, 0.49072304, -0.016121492, 0.11242311, -0.9935049, -0.00700915, 1437.7451, 1437.7451, 961.09015, 726.3151, , 
133182.392514833, 000211, 0.9635998, 0.69649905, 0.49157616, -0.01040643, 0.11103005, -0.9937372, -0.0070926165, 1437.8523, 1437.8523, 961.0952, 726.3169, , 
133182.409186916, 000212, 0.9646716, 0.697094, 0.49255708, -0.0044770995, 0.109186016, -0.9939842, -0.0073277475, 1437.8483, 1437.8483, 961.0248, 726.31903, , 
133182.425859083, 000213, 0.96561384, 0.69760674, 0.49363905, 0.0013551012, 0.10711122, -0.99421644, -0.0076809223, 1437.7911, 1437.7911, 961.0479, 726.31433, , 
133182.442531166, 000214, 0.96463585, 0.69816345, 0.49483553, 0.006824538, 0.10535787, -0.9943791, -0.007949488, 1437.8254, 1437.8254, 960.97906, 726.30255, , 
133182.459203291, 000215, 0.9638939, 0.698591, 0.49611938, 0.011784171, 0.10419086, -0.99445355, -0.008210788, 1437.7756, 1437.7756, 960.97076, 726.31793, , 
133182.475875333, 000216, 0.9638107, 0.6988518, 0.4974094, 0.016055198, 0.10344224, -0.9944706, -0.008373652, 1437.2441, 1437.2441, 960.9859, 726.25116, , 
133182.492547458, 000217, 0.96379507, 0.6989805, 0.49867094, 0.019651445, 0.10314991, -0.9944368, -0.008321632, 1437.1753, 1437.1753, 960.9101, 726.24634, , 
133182.509219625, 000218, 0.9636756, 0.69897324, 0.49994925, 0.022771321, 0.10314224, -0.99437296, -0.008091928, 1437.1104, 1437.1104, 960.935, 726.25275, , 
133182.525891541, 000219, 0.96342313, 0.6988233, 0.5013586, 0.02586809, 0.10323868, -0.9942895, -0.0078062257, 1437.1599, 1437.1599, 960.9201, 726.25214, , 
133182.542563833, 000220, 0.9610292, 0.6982538, 0.50278693, 0.02926644, 0.1034, -0.9941829, -0.007229085, 1437.2289, 1437.2289, 960.87695, 726.2555, , 
133182.55923575, 000221, 0.9589616, 0.69768596, 0.504509, 0.033340015, 0.10341567, -0.9940585, -0.0064214254, 1437.2327, 1437.2327, 960.8361, 726.2379, , 
133182.575908083, 000222, 0.9576889, 0.6972121, 0.50659615, 0.03787702, 0.103518456, -0.99389076, -0.005508262, 1437.2595, 1437.2595, 960.8502, 726.1832, , 
133182.592579958, 000223, 0.95652664, 0.6967423, 0.5089707, 0.042629022, 0.103712454, -0.99368274, -0.0045776675, 1437.2441, 1437.2441, 960.862, 726.1971, , 
133182.609252291, 000224, 0.95522285, 0.6962564, 0.5115847, 0.04752117, 0.10387579, -0.9934475, -0.003685359, 1437.2633, 1437.2633, 960.85815, 726.1914, , 
133182.62592425, 000225, 0.9537035, 0.69576263, 0.5143982, 0.052500673, 0.10399651, -0.9931869, -0.0028600194, 1437.2098, 1437.2098, 960.8629, 726.20325, , 
133182.642596375, 000226, 0.95010954, 0.69491684, 0.5173048, 0.05748041, 0.10418156, -0.99289393, -0.0019420843, 1437.1715, 1437.1715, 960.84357, 726.19037, , 
133182.659268458, 000227, 0.94671977, 0.6941412, 0.5204344, 0.06267359, 0.10445756, -0.992552, -0.0010733634, 1437.225, 1437.225, 960.77924, 726.20105, , 
133182.675940625, 000228, 0.9439883, 0.69350195, 0.52386594, 0.06804154, 0.10476091, -0.992167, -0.0002942531, 1437.2365, 1437.2365, 960.79193, 726.18225, , 
133182.692612708, 000229, 0.9413404, 0.6928718, 0.5275716, 0.073308006, 0.105408885, -0.9917231, 0.00033947077, 1437.2211, 1437.2211, 960.77356, 726.18994, , 
133182.709284833, 000230, 0.93858343, 0.69220006, 0.5315287, 0.07842964, 0.10664086, -0.9911991, 0.00093386363, 1437.2174, 1437.2174, 960.77277, 726.1919, , 
133182.725956958, 000231, 0.9356242, 0.6914542, 0.53573805, 0.08389176, 0.10829076, -0.99057186, 0.0016040532, 1437.1676, 1437.1676, 960.7904, 726.20135, , 
133182.742629041, 000232, 0.9314603, 0.6903783, 0.5403687, 0.08975954, 0.109511435, -0.9899212, 0.0025276104, 1436.7278, 1436.7278, 960.7882, 726.20123, , 
133182.759301166, 000233, 0.92732275, 0.6893295, 0.54513395, 0.09573063, 0.110234864, -0.9892786, 0.0034122942, 1436.7432, 1436.7432, 960.78143, 726.19775, , 
133182.775973291, 000234, 0.92343265, 0.6883973, 0.54997194, 0.10158764, 0.1108173, -0.9886262, 0.0041889, 1436.7853, 1436.7853, 960.79175, 726.18774, , 
133182.792645416, 000235, 0.91945934, 0.6875077, 0.55489105, 0.107048355, 0.11178176, -0.9879379, 0.0049088285, 1436.7509, 1436.7509, 960.7897, 726.2133, , 
133182.809317458, 000236, 0.9152992, 0.6866438, 0.55987793, 0.11208511, 0.113365926, -0.98719406, 0.005739625, 1436.7622, 1436.7622, 960.80914, 726.179, , 
133182.825989625, 000237, 0.9109279, 0.68582666, 0.56494135, 0.11691311, 0.11485116, -0.9864553, 0.0068063634, 1436.6476, 1436.6476, 960.7903, 726.2042, , 
133182.842661666, 000238, 0.9056424, 0.68483126, 0.569734, 0.121697694, 0.115743, -0.9857618, 0.008170381, 1436.7048, 1436.7048, 960.8035, 726.1981, , 
133182.859333833, 000239, 0.9003767, 0.68390644, 0.574764, 0.12654786, 0.1161186, -0.9850943, 0.009552018, 1436.7699, 1436.7699, 960.77844, 726.2116, , 
133182.876005916, 000240, 0.8953366, 0.6831068, 0.5800863, 0.13122338, 0.116346724, -0.98444176, 0.010869036, 1436.7853, 1436.7853, 960.80414, 726.2094, , 
133182.892677916, 000241, 0.89030594, 0.68240464, 0.585511, 0.13537522, 0.11666394, -0.9838259, 0.012230232, 1436.7546, 1436.7546, 960.7927, 726.1877, , 
133182.909350208, 000242, 0.88521796, 0.6817843, 0.5909687, 0.13902497, 0.11701902, -0.9832554, 0.013686395, 1436.6705, 1436.6705, 960.7731, 726.2006, , 
133182.926022083, 000243, 0.88004893, 0.6812139, 0.5964715, 0.14253922, 0.117127076, -0.982716, 0.015260319, 1436.6858, 1436.6858, 960.78253, 726.21155, , 
133182.942694375, 000244, 0.87443954, 0.6807454, 0.6018731, 0.14606594, 0.116666965, -0.982224, 0.017014435, 1436.682, 1436.682, 960.7924, 726.2842, , 
133182.959366375, 000245, 0.8689012, 0.68034464, 0.6074584, 0.14956298, 0.11576644, -0.9817713, 0.018819852, 1436.7087, 1436.7087, 960.77277, 726.25995, , 
133182.976038583, 000246, 0.86353356, 0.6800028, 0.6132858, 0.15279931, 0.11485804, -0.981342, 0.020683413, 1436.701, 1436.701, 960.78687, 726.2598, , 
133182.992710583, 000247, 0.8582226, 0.67972594, 0.619288, 0.15561022, 0.11428531, -0.98092437, 0.02262198, 1436.6628, 1436.6628, 960.78064, 726.2586, , 
133183.009382833, 000248, 0.8529379, 0.67950684, 0.62548727, 0.1581933, 0.11426355, -0.9804653, 0.024626432, 1436.6246, 1436.6246, 960.80334, 726.2651, , 
133183.026054791, 000249, 0.8476653, 0.6793136, 0.6319467, 0.16090412, 0.11488157, -0.97989786, 0.026687738, 1436.7126, 1436.7126, 960.75586, 726.2581, , 
133183.042726916, 000250, 0.84192425, 0.67942584, 0.6384051, 0.16395392, 0.115786046, -0.9792236, 0.02887476, 1436.7622, 1436.7622, 960.75934, 726.299, , 
133183.059399, 000251, 0.83631927, 0.67950135, 0.6451669, 0.16743489, 0.1167124, -0.9784581, 0.031038256, 1436.7738, 1436.7738, 960.7712, 726.3404, , 
133183.076071125, 000252, 0.8309557, 0.6794882, 0.6522302, 0.17141572, 0.11743833, -0.97761494, 0.033073224, 1436.7622, 1436.7622, 960.82904, 726.3369, , 
133183.092743208, 000253, 0.8256551, 0.6794823, 0.6594393, 0.17615381, 0.11745895, -0.9767082, 0.034846615, 1436.8234, 1436.8234, 960.80316, 726.3291, , 
133183.109415375, 000254, 0.8203487, 0.6794779, 0.6666989, 0.181643, 0.11701847, -0.9757055, 0.036209345, 1437.2823, 1437.2823, 960.81915, 726.31757, , 
133183.126087458, 000255, 0.81500673, 0.6794847, 0.6739068, 0.18745245, 0.11649099, -0.97463137, 0.037216086, 1437.313, 1437.313, 960.8709, 726.3331, , 
133183.142759583, 000256, 0.80902594, 0.6799313, 0.68126667, 0.19306245, 0.11573242, -0.97359747, 0.03795713, 1437.2211, 1437.2211, 960.8836, 726.3283, , 
133183.159431625, 000257, 0.80319893, 0.68031496, 0.6883201, 0.19830455, 0.11477758, -0.97263134, 0.03859613, 1437.1599, 1437.1599, 960.8866, 726.38513, , 
133183.176103791, 000258, 0.79766387, 0.68051755, 0.6950595, 0.20323168, 0.11358477, -0.9717273, 0.03926106, 1437.118, 1437.118, 960.93335, 726.3911, , 
133183.192775875, 000259, 0.7922026, 0.68063676, 0.70168006, 0.20805673, 0.11237493, -0.9708167, 0.03998953, 1437.1486, 1437.1486, 960.9675, 726.3847, , 
133183.209448, 000260, 0.7867512, 0.6806946, 0.70827234, 0.2127579, 0.1115348, -0.9698582, 0.0408533, 1437.2327, 1437.2327, 961.0313, 726.3843, , 
133183.226120083, 000261, 0.7813265, 0.6806935, 0.71485096, 0.21713196, 0.11122817, -0.9688817, 0.041833993, 1437.2748, 1437.2748, 961.01495, 726.39935, , 
133183.24279225, 000262, 0.77608955, 0.68078744, 0.72091734, 0.22098729, 0.111203514, -0.9679707, 0.042791042, 1437.2289, 1437.2289, 961.0141, 726.3742, , 
133183.259464125, 000263, 0.77093935, 0.68073726, 0.7270318, 0.22447407, 0.1113921, -0.9671062, 0.043689128, 1437.2174, 1437.2174, 961.07935, 726.4026, , 
133183.276136458, 000264, 0.76587707, 0.6805004, 0.7332965, 0.22784077, 0.11187511, -0.966223, 0.044560365, 1437.271, 1437.271, 961.07733, 726.3863, , 
133183.292808375, 000265, 0.7609692, 0.6801815, 0.73956394, 0.23135799, 0.112565726, -0.96526384, 0.045475293, 1437.2633, 1437.2633, 961.13434, 726.40063, , 
133183.309480666, 000266, 0.75625044, 0.6798354, 0.7458109, 0.2353321, 0.11356, -0.9641384, 0.04647577, 1437.202, 1437.202, 961.137, 726.38513, , 
133183.326152583, 000267, 0.75175744, 0.67945683, 0.7520235, 0.23992306, 0.11496988, -0.9627901, 0.047477156, 1437.2823, 1437.2823, 961.12036, 726.3996, , 
133183.342824708, 000268, 0.74704796, 0.67931026, 0.75810385, 0.24507429, 0.1163217, -0.96128505, 0.048361015, 1437.2365, 1437.2365, 961.19147, 726.3863, , 
133183.359496833, 000269, 0.74270624, 0.6790556, 0.7641031, 0.25098032, 0.11725372, -0.9596104, 0.04907451, 1437.1676, 1437.1676, 961.20294, 726.39886, , 
133183.376168958, 000270, 0.7388577, 0.6786301, 0.7700742, 0.25730494, 0.11789685, -0.9578255, 0.049646, 1437.225, 1437.225, 961.2317, 726.40405, , 
133183.392841041, 000271, 0.73536086, 0.67812717, 0.77601737, 0.263773, 0.11827151, -0.9559938, 0.050115377, 1437.1943, 1437.1943, 961.24475, 726.35803, , 
133183.409513125, 000272, 0.73215824, 0.67760795, 0.7819772, 0.27025402, 0.118271634, -0.9541638, 0.050457697, 1437.1599, 1437.1599, 961.3135, 726.3653, , 
133183.426185208, 000273, 0.7291939, 0.67712164, 0.788031, 0.27670264, 0.1181586, -0.9523092, 0.050806038, 1437.1791, 1437.1791, 961.3242, 726.32605, , 
133183.442857375, 000274, 0.726194, 0.6770731, 0.7937462, 0.28318864, 0.11815048, -0.95038027, 0.05120488, 1437.2135, 1437.2135, 961.368, 726.345, , 
133183.4595295, 000275, 0.72345424, 0.67696977, 0.7997316, 0.28954124, 0.11818699, -0.9484375, 0.051613655, 1437.2211, 1437.2211, 961.37524, 726.3354, , 
133183.476201583, 000276, 0.7210204, 0.6767148, 0.80611414, 0.2956883, 0.11824925, -0.9465083, 0.05203432, 1437.2135, 1437.2135, 961.40015, 726.27924, , 
133183.492873708, 000277, 0.7188137, 0.67641884, 0.81272894, 0.30177557, 0.11834002, -0.94455224, 0.052422, 1437.2479, 1437.2479, 961.4301, 726.2715, , 
133183.509545833, 000278, 0.71682495, 0.6761132, 0.8194945, 0.30792177, 0.11843517, -0.9425352, 0.052769292, 1437.2365, 1437.2365, 961.4735, 726.27203, , 
133183.526217916, 000279, 0.71506196, 0.675807, 0.8263459, 0.31420752, 0.11859435, -0.940423, 0.05304172, 1437.2518, 1437.2518, 961.5124, 726.26904, , 
133183.54289, 000280, 0.71360844, 0.6758747, 0.83265156, 0.3207373, 0.11844296, -0.9382256, 0.053210475, 1437.1715, 1437.1715, 961.5186, 726.25854, , 
133183.559562125, 000281, 0.7123929, 0.6758643, 0.8390255, 0.32749924, 0.11786945, -0.93595237, 0.05333002, 1437.118, 1437.118, 961.5744, 726.20856, , 
133183.576234208, 000282, 0.71139085, 0.6757028, 0.8455847, 0.33455276, 0.116724275, -0.93359196, 0.053439938, 1437.1218, 1437.1218, 961.5831, 726.20654, , 
133183.592906333, 000283, 0.710615, 0.6755214, 0.8521514, 0.34176216, 0.1152226, -0.9311507, 0.05367272, 1437.1218, 1437.1218, 961.66345, 726.2113, , 
133183.609578375, 000284, 0.7100733, 0.6753554, 0.8586786, 0.3489241, 0.11358997, -0.9286677, 0.054088235, 1437.1332, 1437.1332, 961.63745, 726.21826, , 
133183.626250375, 000285, 0.70978713, 0.6752213, 0.86517197, 0.35592565, 0.11168229, -0.92621166, 0.054551788, 1437.1599, 1437.1599, 961.689, 726.2153, , 
133183.642922625, 000286, 0.7098876, 0.67612535, 0.87138987, 0.36270812, 0.10944346, -0.9238111, 0.05511761, 1437.202, 1437.202, 961.7063, 726.22034, , 
133183.659594583, 000287, 0.710189, 0.67685574, 0.87764454, 0.36937532, 0.10718717, -0.92139345, 0.05573862, 1437.114, 1437.114, 961.70245, 726.18665, , 
133183.676266791, 000288, 0.7106629, 0.6771791, 0.88400865, 0.37612957, 0.10502514, -0.91886353, 0.056444194, 1436.7048, 1436.7048, 961.75995, 726.1922, , 
133183.692938833, 000289, 0.7113474, 0.6773975, 0.8904005, 0.3830602, 0.103179984, -0.9161565, 0.057237178, 1436.7394, 1436.7394, 961.76965, 726.2086, , 
133183.709610875, 000290, 0.7122703, 0.6776191, 0.8967496, 0.3900364, 0.10173034, -0.9133218, 0.05801567, 1436.8312, 1436.8312, 961.7591, 726.15015, , 
133183.726283, 000291, 0.7134437, 0.67793703, 0.9029405, 0.39687386, 0.100320145, -0.9104807, 0.05875277, 1436.7661, 1436.7661, 961.7691, 726.1712, , 
133183.742955041, 000292, 0.71480477, 0.67887104, 0.90906376, 0.40371913, 0.09822081, -0.90765756, 0.05933952, 1436.5481, 1436.5481, 961.79004, 726.14374, , 
133183.759627208, 000293, 0.71624476, 0.67987317, 0.91508377, 0.4109085, 0.09563621, -0.90469545, 0.059447717, 1436.4371, 1436.4371, 961.8386, 726.11273, , 
133183.776299291, 000294, 0.7176655, 0.68076664, 0.92118466, 0.4184974, 0.09349346, -0.90147394, 0.058851767, 1436.5786, 1436.5786, 961.8323, 726.1439, , 
133183.792971375, 000295, 0.7190189, 0.6816863, 0.9275525, 0.42593014, 0.09250991, -0.89815307, 0.05784881, 1436.6666, 1436.6666, 961.8139, 726.1623, , 
133183.809643458, 000296, 0.7202543, 0.682773, 0.9342696, 0.4331515, 0.09267774, -0.8947262, 0.057057623, 1436.682, 1436.682, 961.8203, 726.1602, , 
133183.826315583, 000297, 0.72135824, 0.6840767, 0.9413407, 0.44050935, 0.09369287, -0.89103574, 0.05681979, 1436.7584, 1436.7584, 961.83167, 726.16876, , 
133183.842987666, 000298, 0.72237337, 0.68557763, 0.94880503, 0.44834873, 0.09511516, -0.8869601, 0.056905314, 1436.7661, 1436.7661, 961.80774, 726.17773, , 
133183.859659791, 000299, 0.7233735, 0.6871177, 0.9563946, 0.45663744, 0.096337155, -0.8825875, 0.056925736, 1436.8541, 1436.8541, 961.8283, 726.1901, , 
133183.876331875, 000300, 0.72436893, 0.68868935, 0.96394265, 0.46524486, 0.09648523, -0.8780865, 0.056585446, 1436.701, 1436.701, 961.8116, 726.17426, , 
133183.893004, 000301, 0.7253168, 0.6902522, 0.9713901, 0.4739896, 0.09597695, -0.8735027, 0.055814706, 1436.6093, 1436.6093, 961.8359, 726.18463, , 
133183.909676083, 000302, 0.72617555, 0.69171023, 0.9787165, 0.482524, 0.09603976, -0.86887723, 0.054764915, 1436.7891, 1436.7891, 961.8253, 726.20654, , 
133183.926348208, 000303, 0.72698647, 0.69306624, 0.9858417, 0.49035513, 0.09686508, -0.86445963, 0.0536505, 1436.8081, 1436.8081, 961.8398, 726.25574, , 
133183.943020333, 000304, 0.728789, 0.6943634, 0.99210393, 0.49736285, 0.09792999, -0.8604004, 0.052450117, 1436.7241, 1436.7241, 961.84015, 726.26917, , 
133183.95969225, 000305, 0.73043543, 0.6955814, 0.9982201, 0.50373757, 0.09872059, -0.85667074, 0.05116434, 1436.6742, 1436.6742, 961.8342, 726.2746, , 
133183.976364541, 000306, 0.7316121, 0.6967311, 1.0043844, 0.50984776, 0.09901856, -0.8530848, 0.04996614, 1436.6322, 1436.6322, 961.7849, 726.25385, , 
133183.993036458, 000307, 0.7325755, 0.69783986, 1.0104387, 0.5157801, 0.0988513, -0.84958386, 0.049056582, 1436.5443, 1436.5443, 961.7887, 726.25775, , 
133184.00970875, 000308, 0.7334041, 0.6989132, 1.0163423, 0.521372, 0.09843755, -0.84624064, 0.048557937, 1436.1274, 1436.1274, 961.7874, 726.27264, , 
133184.026380625, 000309, 0.73414034, 0.6999457, 1.0220535, 0.52651244, 0.097769916, -0.8431413, 0.048356798, 1436.1198, 1436.1198, 961.7151, 726.30475, , 
133184.043052916, 000310, 0.7358698, 0.700863, 1.0276734, 0.5312737, 0.0967004, -0.84028816, 0.048093624, 1436.0472, 1436.0472, 961.72064, 726.30804, , 
133184.059724875, 000311, 0.73721343, 0.7017351, 1.0330604, 0.53569907, 0.09536802, -0.8376456, 0.047760937, 1436.0204, 1436.0204, 961.66284, 726.31647, , 
133184.076396958, 000312, 0.7378321, 0.7025397, 1.0382088, 0.5400464, 0.0938195, -0.8350534, 0.047259524, 1436.028, 1436.028, 961.6697, 726.2963, , 
133184.093069041, 000313, 0.7380173, 0.70322204, 1.0432016, 0.5444337, 0.09237247, -0.832397, 0.04662868, 1436.0892, 1436.0892, 961.614, 726.292, , 
133184.109741166, 000314, 0.73787886, 0.70375204, 1.048081, 0.54872453, 0.09118425, -0.82975113, 0.045821875, 1436.139, 1436.139, 961.57043, 726.3178, , 
133184.12641325, 000315, 0.7374578, 0.7041429, 1.0528772, 0.55269086, 0.09017302, -0.8272829, 0.044771895, 1435.963, 1435.963, 961.5361, 726.30084, , 
133184.143085333, 000316, 0.7371638, 0.70466113, 1.0573397, 0.5562785, 0.08952696, -0.82500225, 0.043706857, 1435.4697, 1435.4697, 961.4788, 726.3195, , 
133184.159757458, 000317, 0.7364023, 0.7049969, 1.0618371, 0.55958056, 0.08949662, -0.8228123, 0.042892203, 1435.462, 1435.462, 961.43207, 726.2472, , 
133184.176429541, 000318, 0.7350233, 0.70508176, 1.0664448, 0.5629255, 0.0896964, -0.8205426, 0.042181294, 1435.5156, 1435.5156, 961.42053, 726.2449, , 
133184.193101666, 000319, 0.7331348, 0.70502234, 1.0710742, 0.566422, 0.08985813, -0.8181483, 0.041531727, 1435.485, 1435.485, 961.3738, 726.2445, , 
133184.209773708, 000320, 0.73075193, 0.7048587, 1.075705, 0.5699758, 0.09016029, -0.8156605, 0.041191164, 1435.5194, 1435.5194, 961.30273, 726.2417, , 
133184.226445875, 000321, 0.7279238, 0.7045642, 1.0802883, 0.5736485, 0.09054552, -0.8130422, 0.041122988, 1435.6302, 1435.6302, 961.2708, 726.2371, , 
133184.243117958, 000322, 0.72508293, 0.7044603, 1.0835098, 0.57727724, 0.09075309, -0.81043804, 0.041291464, 1435.5271, 1435.5271, 961.23627, 726.22675, , 
133184.25979, 000323, 0.7218015, 0.70415133, 1.086937, 0.5809846, 0.09065227, -0.80778646, 0.0414725, 1435.4199, 1435.4199, 961.17944, 726.2443, , 
133184.276462125, 000324, 0.7179528, 0.7036087, 1.0908666, 0.58492655, 0.09005651, -0.8049962, 0.041615855, 1435.0032, 1435.0032, 961.12994, 726.2447, , 
133184.29313425, 000325, 0.71365434, 0.70295215, 1.0948563, 0.58907163, 0.0892439, -0.80204844, 0.0418162, 1435.0948, 1435.0948, 961.11664, 726.18555, , 
133184.309806333, 000326, 0.70902395, 0.70222193, 1.0987262, 0.59315634, 0.08829615, -0.79912275, 0.042094674, 1435.0989, 1435.0989, 961.0244, 726.20154, , 
133184.326478291, 000327, 0.70415294, 0.7014631, 1.102412, 0.59699345, 0.08699319, -0.7963939, 0.04228136, 1434.9993, 1434.9993, 961.0021, 726.1832, , 
133184.343150541, 000328, 0.69982904, 0.70120424, 1.105148, 0.6004986, 0.08546075, -0.79391325, 0.04242013, 1434.9878, 1434.9878, 960.98755, 726.1989, , 
133184.359822416, 000329, 0.69508135, 0.700918, 1.1078755, 0.60373276, 0.08369738, -0.7916419, 0.04247915, 1435.0414, 1435.0414, 960.92004, 726.18066, , 
133184.376494666, 000330, 0.68973, 0.70050263, 1.1107948, 0.60673445, 0.08169643, -0.7895574, 0.042402815, 1434.9955, 1434.9955, 960.91406, 726.1815, , 
133184.393166625, 000331, 0.68404436, 0.7001073, 1.1136574, 0.6094804, 0.07976287, -0.78764445, 0.042280152, 1434.9688, 1434.9688, 960.866, 726.15, , 
133184.409838916, 000332, 0.67810065, 0.69977444, 1.116406, 0.6119781, 0.077830665, -0.7859119, 0.042041104, 1434.9955, 1434.9955, 960.78937, 726.1897, , 
133184.426510791, 000333, 0.671939, 0.69952214, 1.1190419, 0.6142892, 0.07555473, -0.784358, 0.041504454, 1435.0145, 1435.0145, 960.7989, 726.1691, , 
133184.443182958, 000334, 0.6657785, 0.6994984, 1.1200173, 0.61636823, 0.072635196, -0.7830472, 0.040635224, 1434.9955, 1434.9955, 960.7479, 726.20264, , 
133184.459854958, 000335, 0.6593475, 0.69962275, 1.1213545, 0.6181378, 0.06962843, -0.78196174, 0.039918017, 1434.9381, 1434.9381, 960.7321, 726.16736, , 
133184.476527083, 000336, 0.6526248, 0.69986176, 1.1234279, 0.61957633, 0.0669834, -0.78106725, 0.03964976, 1435.0414, 1435.0414, 960.72266, 726.1682, , 
133184.493199208, 000337, 0.645722, 0.7002602, 1.1257343, 0.6205326, 0.06449255, -0.780514, 0.03972257, 1434.9993, 1434.9993, 960.6665, 726.17175, , 
133184.509871333, 000338, 0.6386435, 0.7008501, 1.1281238, 0.62120533, 0.061818287, -0.78019094, 0.039804503, 1434.9113, 1434.9113, 960.65173, 726.1652, , 
133184.526543375, 000339, 0.6313213, 0.70164734, 1.1305422, 0.6219456, 0.058879573, -0.7798306, 0.039762896, 1434.9497, 1434.9497, 960.6501, 726.17084, , 
133184.5432155, 000340, 0.62366647, 0.7025606, 1.1317652, 0.62267464, 0.055770166, -0.77947265, 0.039851595, 1434.9688, 1434.9688, 960.5918, 726.2376, , 
133184.559887583, 000341, 0.6157456, 0.7037517, 1.1332865, 0.6232437, 0.052958094, -0.7791889, 0.040339738, 1435.049, 1435.049, 960.59485, 726.2318, , 
133184.576559666, 000342, 0.6076016, 0.7052515, 1.1353587, 0.62350667, 0.050847005, -0.77905285, 0.04160048, 1435.0299, 1435.0299, 960.58716, 726.2219, , 
133184.593231791, 000343, 0.5992766, 0.7070102, 1.1375726, 0.6235203, 0.04929723, -0.7790295, 0.04364739, 1435.0299, 1435.0299, 960.577, 726.24445, , 
133184.609903916, 000344, 0.59082, 0.7089842, 1.1398051, 0.623528, 0.04797052, -0.7789504, 0.046343856, 1435.0184, 1435.0184, 960.57996, 726.28735, , 
133184.626575958, 000345, 0.5822585, 0.7111144, 1.1419842, 0.6236952, 0.046938755, -0.7786725, 0.049701218, 1435.0145, 1435.0145, 960.56866, 726.2683, , 
133184.643248083, 000346, 0.5738327, 0.71275264, 1.1437833, 0.6243788, 0.045917097, -0.7779452, 0.053328052, 1435.026, 1435.026, 960.57666, 726.3389, , 
133184.659920125, 000347, 0.56537217, 0.7144841, 1.1454709, 0.6256487, 0.044617724, -0.77676815, 0.056605443, 1435.0109, 1435.0109, 960.5788, 726.3355, , 
133184.676592208, 000348, 0.5568772, 0.71634096, 1.1471294, 0.62745416, 0.04275294, -0.77523804, 0.058986373, 1435.007, 1435.007, 960.5699, 726.3709, , 
133184.693264166, 000349, 0.5484486, 0.71804315, 1.1486841, 0.6298262, 0.04045007, -0.77334046, 0.060225382, 1435.0032, 1435.0032, 960.5867, 726.4319, , 
133184.709936416, 000350, 0.5401479, 0.7194859, 1.1501007, 0.63256824, 0.03833191, -0.7711712, 0.060687505, 1435.0376, 1435.0376, 960.6006, 726.4114, , 
133184.726608333, 000351, 0.5320434, 0.7206245, 1.1513833, 0.6353665, 0.03649185, -0.7689712, 0.060506582, 1435.0222, 1435.0222, 960.6261, 726.4958, , 
133184.743280625, 000352, 0.524767, 0.720961, 1.1518096, 0.63790524, 0.03485684, -0.7669934, 0.05985748, 1434.9381, 1434.9381, 960.61255, 726.4893, , 
133184.759952541, 000353, 0.51748735, 0.72118497, 1.1523777, 0.6401838, 0.033651482, -0.7652113, 0.059023518, 1434.9458, 1434.9458, 960.67926, 726.5035, , 
133184.776624625, 000354, 0.5099892, 0.7214496, 1.1533289, 0.642343, 0.032949343, -0.76348996, 0.05824851, 1434.9878, 1434.9878, 960.67645, 726.4997, , 
133184.793296708, 000355, 0.50244707, 0.7216583, 1.1544263, 0.6445926, 0.032498468, -0.76166284, 0.057566192, 1435.0527, 1435.0527, 960.6752, 726.5031, , 
133184.809968833, 000356, 0.49488088, 0.72183925, 1.1556133, 0.64718676, 0.03230926, -0.75950783, 0.05703674, 1435.5347, 1435.5347, 960.74335, 726.4753, , 
133184.826640875, 000357, 0.48733595, 0.72199774, 1.1568652, 0.6503164, 0.032365303, -0.7568621, 0.056574862, 1435.5537, 1435.5537, 960.7495, 726.4855, , 
133184.843313041, 000358, 0.48042783, 0.72237045, 1.1581777, 0.65401614, 0.03277893, -0.75366884, 0.056318805, 1435.5653, 1435.5653, 960.812, 726.4756, , 
133184.859985083, 000359, 0.47354802, 0.7226546, 1.15943, 0.6583244, 0.033620354, -0.7498746, 0.056272168, 1435.5729, 1435.5729, 960.7968, 726.47046, , 
133184.876657208, 000360, 0.46661106, 0.72276413, 1.1606045, 0.66311544, 0.034518328, -0.74560195, 0.056249656, 1435.5385, 1435.5385, 960.8642, 726.48096, , 
133184.893329291, 000361, 0.45978275, 0.7227635, 1.1617352, 0.6681754, 0.03531511, -0.74104077, 0.056151867, 1435.4237, 1435.4237, 960.86505, 726.483, , 
133184.910001375, 000362, 0.45305315, 0.72265744, 1.1628712, 0.67333865, 0.036099624, -0.7363218, 0.05605288, 1435.4735, 1435.4735, 960.94556, 726.45496, , 
133184.9266735, 000363, 0.44639978, 0.7224795, 1.1640543, 0.6785312, 0.036715537, -0.73151183, 0.056015305, 1435.4009, 1435.4009, 960.93555, 726.4295, , 
133184.9433455, 000364, 0.44005498, 0.7229654, 1.1652846, 0.68354684, 0.03712475, -0.72679865, 0.056116667, 1434.9916, 1434.9916, 961.00446, 726.43024, , 
133184.960017625, 000365, 0.43368188, 0.72324747, 1.1666106, 0.6884982, 0.037649162, -0.7220525, 0.05650657, 1434.9878, 1434.9878, 961.00604, 726.4193, , 
133184.97668975, 000366, 0.42720804, 0.72315246, 1.1680557, 0.6934956, 0.03821464, -0.7171771, 0.05710127, 1434.9916, 1434.9916, 961.0878, 726.35443, , 
133184.993361833, 000367, 0.4207219, 0.7229051, 1.1696178, 0.6986287, 0.038587693, -0.7121173, 0.057601232, 1435.1255, 1435.1255, 961.1013, 726.3605, , 
133185.010033916, 000368, 0.41426814, 0.7225742, 1.1713076, 0.70385087, 0.03870126, -0.7069326, 0.057814077, 1435.5422, 1435.5422, 961.1345, 726.34045, , 
133185.026705875, 000369, 0.4078756, 0.7221756, 1.1731436, 0.7090382, 0.038927846, -0.70170325, 0.057981987, 1435.5615, 1435.5615, 961.17267, 726.3529, , 
133185.043378083, 000370, 0.40231007, 0.7222603, 1.1754457, 0.71407866, 0.039328974, -0.6965285, 0.05824794, 1435.6035, 1435.6035, 961.1965, 726.2897, , 
133185.060050041, 000371, 0.39677346, 0.72217995, 1.177879, 0.71893585, 0.03974195, -0.6914655, 0.058543287, 1435.4888, 1435.4888, 961.24554, 726.30676, , 
133185.07672225, 000372, 0.3910688, 0.721799, 1.1803908, 0.7236702, 0.040276945, -0.68644017, 0.058984138, 1435.5194, 1435.5194, 961.25116, 726.28357, , 
133185.093394208, 000373, 0.38542816, 0.72128886, 1.1830845, 0.7284424, 0.040645123, -0.6813237, 0.059309658, 1435.5194, 1435.5194, 961.32825, 726.2857, , 
133185.110066458, 000374, 0.37988386, 0.72071475, 1.1860204, 0.7332995, 0.04071303, -0.67609006, 0.05930021, 1435.4467, 1435.4467, 961.3173, 726.227, , 
133185.126738375, 000375, 0.37439826, 0.72011495, 1.1892265, 0.7383575, 0.04059781, -0.6706004, 0.05894972, 1435.5385, 1435.5385, 961.3656, 726.23834, , 
133185.1434105, 000376, 0.3699075, 0.71960443, 1.193172, 0.74360466, 0.04003887, -0.66488767, 0.058080886, 1435.4888, 1435.4888, 961.36725, 726.22736, , 
133185.160082583, 000377, 0.36529282, 0.7191012, 1.1972572, 0.7490862, 0.03923689, -0.6588471, 0.057014517, 1435.5042, 1435.5042, 961.40216, 726.2254, , 
133185.176754666, 000378, 0.36035958, 0.7185558, 1.2013583, 0.754724, 0.038527112, -0.6525097, 0.056021813, 1435.531, 1435.531, 961.4574, 726.2364, , 
133185.19342675, 000379, 0.3554547, 0.7180109, 1.2056419, 0.7603163, 0.03784703, -0.6460989, 0.055161655, 1435.6915, 1435.6915, 961.4462, 726.17163, , 
133185.226770875, 000380, 0.34611183, 0.717086, 1.214967, 0.7710433, 0.03594932, -0.63351196, 0.053502157, 1436.0317, 1436.0317, 961.5138, 726.15076, , 
133185.243442958, 000381, 0.34210205, 0.7168236, 1.2202852, 0.7763634, 0.03500411, -0.6271085, 0.05262574, 1436.1465, 1436.1465, 961.57916, 726.1565, , 
133185.260115083, 000382, 0.3381917, 0.71660185, 1.2257823, 0.7817679, 0.033889573, -0.6205119, 0.051529884, 1436.1658, 1436.1658, 961.5718, 726.1689, , 
133185.276787125, 000383, 0.33433867, 0.716419, 1.231339, 0.7871012, 0.03246254, -0.61391497, 0.0502608, 1436.1733, 1436.1733, 961.57245, 726.16064, , 
133185.29345925, 000384, 0.33075094, 0.7163277, 1.2370203, 0.7920688, 0.030957727, -0.60766965, 0.049054388, 1436.1963, 1436.1963, 961.6447, 726.1741, , 
133185.310131333, 000385, 0.3274522, 0.7163685, 1.2428428, 0.7964124, 0.029698687, -0.60208464, 0.048367385, 1436.6093, 1436.6093, 961.6531, 726.16315, , 
133185.326803375, 000386, 0.3243485, 0.7165625, 1.2488211, 0.8001118, 0.029029476, -0.59717333, 0.048604425, 1436.6398, 1436.6398, 961.6381, 726.16473, , 
133185.343475541, 000387, 0.32172623, 0.7170862, 1.2551944, 0.8034034, 0.028649984, -0.59267753, 0.04955408, 1436.6897, 1436.6897, 961.6881, 726.16077, , 
133185.360147583, 000388, 0.31904873, 0.7177474, 1.2617124, 0.8066663, 0.027877532, -0.5881834, 0.050522655, 1436.659, 1436.659, 961.71155, 726.14417, , 
133185.376819708, 000389, 0.31616184, 0.7184929, 1.2683018, 0.810246, 0.026503425, -0.58326715, 0.0509743, 1436.6246, 1436.6246, 961.687, 726.1559, , 
133185.410163875, 000390, 0.30983675, 0.72021437, 1.2815372, 0.8191619, 0.023411231, -0.5709034, 0.04994876, 1436.5519, 1436.5519, 961.6955, 726.2224, , 
133185.426835791, 000391, 0.30624342, 0.72115064, 1.2879368, 0.8246073, 0.022802709, -0.56310016, 0.049203876, 1436.6705, 1436.6705, 961.68414, 726.2037, , 
133185.443508041, 000392, 0.30281788, 0.7224067, 1.294206, 0.8303296, 0.023066092, -0.5546646, 0.04866077, 1436.7891, 1436.7891, 961.6945, 726.22095, , 
133185.460179916, 000393, 0.2990875, 0.7235604, 1.3001698, 0.83592385, 0.023878148, -0.54620403, 0.0481889, 1436.8043, 1436.8043, 961.7057, 726.2042, , 
133185.476852166, 000394, 0.29505992, 0.7244936, 1.305807, 0.8411631, 0.025021559, -0.5380799, 0.047838837, 1436.7853, 1436.7853, 961.6891, 726.22235, , 
133185.493524125, 000395, 0.2909701, 0.7252759, 1.3111758, 0.8458713, 0.026567206, -0.53056324, 0.04794244, 1436.7317, 1436.7317, 961.70276, 726.2843, , 
133185.510196208, 000396, 0.28690884, 0.7259231, 1.3162907, 0.849997, 0.028472621, -0.5237525, 0.048761047, 1436.7509, 1436.7509, 961.70447, 726.29395, , 
133185.526868333, 000397, 0.28294492, 0.7264693, 1.3211433, 0.85376245, 0.030036055, -0.5174136, 0.049705464, 1436.747, 1436.747, 961.7142, 726.2879, , 
133185.543540375, 000398, 0.28036928, 0.7270364, 1.3249495, 0.8574172, 0.030819418, -0.51124364, 0.050156876, 1436.6858, 1436.6858, 961.7076, 726.2967, , 
133185.576884583, 000399, 0.27439433, 0.7278087, 1.3323965, 0.86466444, 0.030829005, -0.4989131, 0.04990671, 1436.6705, 1436.6705, 961.62177, 726.3428, , 
133185.593556708, 000400, 0.27112558, 0.7280271, 1.3358665, 0.868068, 0.03105957, -0.4929249, 0.050182015, 1436.747, 1436.747, 961.6349, 726.3487, , 
133185.610228666, 000401, 0.26793787, 0.72817576, 1.3389814, 0.87118423, 0.03163943, -0.48729149, 0.05083282, 1436.682, 1436.682, 961.5986, 726.35876, , 
133185.626900833, 000402, 0.26486146, 0.7282642, 1.3416865, 0.87411654, 0.0325105, -0.48186454, 0.05167117, 1436.659, 1436.659, 961.5741, 726.34607, , 
133185.643572875, 000403, 0.26216576, 0.72777957, 1.3433908, 0.87696385, 0.033663232, -0.47647446, 0.05266142, 1436.7163, 1436.7163, 961.529, 726.34784, , 
133185.660244958, 000404, 0.2594863, 0.7274081, 1.344824, 0.87984246, 0.034606993, -0.47100645, 0.05322043, 1436.7661, 1436.7661, 961.4642, 726.36, , 
133185.676917083, 000405, 0.25676793, 0.72730124, 1.346136, 0.8827265, 0.035188798, -0.46552792, 0.053285837, 1436.7126, 1436.7126, 961.4289, 726.3371, , 
133185.693589125, 000406, 0.25412306, 0.7272536, 1.3471516, 0.8854034, 0.035657387, -0.46037838, 0.05330221, 1436.7048, 1436.7048, 961.41766, 726.3488, , 
133185.710261208, 000407, 0.2515576, 0.7271881, 1.3478317, 0.88779336, 0.03611796, -0.4557117, 0.053340886, 1436.6935, 1436.6935, 961.35333, 726.35077, , 
133185.726933333, 000408, 0.2490131, 0.72708935, 1.3481716, 0.8898832, 0.03650584, -0.45157224, 0.05345701, 1436.6093, 1436.6093, 961.2933, 726.35406, , 
133185.743605416, 000409, 0.24687093, 0.72719055, 1.3486645, 0.8918134, 0.036533784, -0.44774112, 0.053497333, 1436.1084, 1436.1084, 961.2389, 726.34753, , 
133185.760277333, 000410, 0.24456087, 0.7272199, 1.3487064, 0.8938365, 0.036143757, -0.44374534, 0.053290658, 1436.1428, 1436.1428, 961.1763, 726.3487, , 
133185.776949583, 000411, 0.2419786, 0.72708464, 1.3482002, 0.89604855, 0.035299063, -0.43940243, 0.052692305, 1436.0779, 1436.0779, 961.161, 726.35675, , 
133185.7936215, 000412, 0.23923345, 0.7268254, 1.3473029, 0.89849544, 0.03422922, -0.43453646, 0.052080315, 1436.0969, 1436.0969, 961.1031, 726.35046, , 
133185.81029375, 000413, 0.23636301, 0.7264621, 1.3460547, 0.9012191, 0.03290812, -0.42903832, 0.051451385, 1436.0779, 1436.0779, 961.0443, 726.3409, , 
133185.843637916, 000414, 0.23077446, 0.7262165, 1.34349, 0.90748423, 0.029488472, -0.41610026, 0.04963132, 1436.1428, 1436.1428, 960.91614, 726.3396, , 
133185.860309791, 000415, 0.22793704, 0.7262143, 1.3419344, 0.91079146, 0.027506787, -0.40908653, 0.04848161, 1436.1465, 1436.1465, 960.9064, 726.3468, , 
133185.876982083, 000416, 0.22471876, 0.72581464, 1.3395998, 0.91397744, 0.025636187, -0.4021689, 0.047414307, 1436.0548, 1436.0548, 960.846, 726.35114, , 
133185.893654, 000417, 0.22127622, 0.725259, 1.3367965, 0.9160796, 0.025221819, -0.3971989, 0.048939228, 1436.135, 1436.135, 960.7588, 726.343, , 
133185.910326, 000418, 0.21775663, 0.72462857, 1.3336284, 0.91747427, 0.025758045, -0.39349866, 0.05230883, 1436.2499, 1436.2499, 960.76025, 726.3582, , 
133185.926998166, 000419, 0.21426556, 0.72404224, 1.3301474, 0.91917604, 0.025763191, -0.38917783, 0.054701287, 1436.1963, 1436.1963, 960.70795, 726.3664, , 
133185.943670208, 000420, 0.21010345, 0.7238945, 1.3274986, 0.92107445, 0.024532065, -0.38460207, 0.0556893, 1435.9899, 1435.9899, 960.7114, 726.2755, , 
133185.960342291, 000421, 0.20619822, 0.7236658, 1.3242111, 0.922711, 0.0229432, -0.3805748, 0.05692807, 1436.1084, 1436.1084, 960.6542, 726.2949, , 
133185.977014416, 000422, 0.20268756, 0.7233309, 1.3200004, 0.924305, 0.021008134, -0.37663314, 0.05801907, 1436.2308, 1436.2308, 960.6485, 726.31854, , 
133185.993686458, 000423, 0.19938198, 0.7230968, 1.3152677, 0.92621213, 0.018428667, -0.37208307, 0.057841424, 1436.1848, 1436.1848, 960.63513, 726.2878, , 
133186.010358541, 000424, 0.19629306, 0.72302234, 1.3101417, 0.9284315, 0.015025837, -0.3668903, 0.056396652, 1436.0739, 1436.0739, 960.59467, 726.2722, , 
133186.027030625, 000425, 0.19338277, 0.72304434, 1.3046489, 0.9308576, 0.011325942, -0.36109185, 0.054666754, 1436.1122, 1436.1122, 960.57764, 726.2649, , 
133186.04370275, 000426, 0.19073752, 0.72347116, 1.2990204, 0.9333113, 0.008033025, -0.35493025, 0.053758744, 1436.6742, 1436.6742, 960.5985, 726.28253, , 
133186.060374791, 000427, 0.18812051, 0.7238177, 1.2930175, 0.9356234, 0.0055773053, -0.34878427, 0.054103673, 1436.8007, 1436.8007, 960.5771, 726.3017, , 
133186.077046916, 000428, 0.18547854, 0.7240042, 1.2866805, 0.9379339, 0.0038867916, -0.34243122, 0.054824043, 1436.6782, 1436.6782, 960.512, 726.29236, , 
133186.093718958, 000429, 0.18283543, 0.7241602, 1.2800912, 0.9403515, 0.002760145, -0.33554727, 0.056030385, 1436.7661, 1436.7661, 960.494, 726.28265, , 
133186.110391, 000430, 0.18021217, 0.72433513, 1.2733138, 0.9427969, 0.0018976167, -0.32835937, 0.05753711, 1436.7814, 1436.7814, 960.507, 726.29584, , 
133186.127062958, 000431, 0.17761229, 0.7245713, 1.2663978, 0.94530094, 0.000828295, -0.32089418, 0.058585584, 1436.7509, 1436.7509, 960.4984, 726.3689, , 
133186.143735166, 000432, 0.17479771, 0.7249453, 1.2597702, 0.9478782, -0.000646139, -0.3131812, 0.05868508, 1436.6742, 1436.6742, 960.4841, 726.3516, , 
133186.160407083, 000433, 0.17203845, 0.7253946, 1.2529418, 0.9505055, -0.0022151722, -0.3051808, 0.05830116, 1436.7278, 1436.7278, 960.5048, 726.3463, , 
133186.177079291, 000434, 0.16937745, 0.7258936, 1.2458612, 0.9530736, -0.0034943982, -0.29712927, 0.057901908, 1436.7966, 1436.7966, 960.4888, 726.3593, , 
133186.19375125, 000435, 0.16678074, 0.72646123, 1.2387298, 0.9555065, -0.0044516562, -0.2892991, 0.057387892, 1436.8387, 1436.8387, 960.4835, 726.35846, , 
133186.210423333, 000436, 0.16428149, 0.7270872, 1.231685, 0.9578144, -0.0052287807, -0.28175196, 0.056390446, 1436.7241, 1436.7241, 960.5069, 726.3523, , 
133186.227095416, 000437, 0.1618684, 0.7277542, 1.2247865, 0.96002644, -0.0058728084, -0.27441782, 0.0548588, 1436.6973, 1436.6973, 960.55804, 726.35095, , 
133186.2437675, 000438, 0.15926686, 0.72868353, 1.2182038, 0.96214557, -0.006486004, -0.26729771, 0.052778505, 1436.6093, 1436.6093, 960.5491, 726.355, , 
133186.260439583, 000439, 0.15670794, 0.7295506, 1.2116596, 0.9642168, -0.006782832, -0.26014695, 0.05062924, 1436.6897, 1436.6897, 960.5578, 726.4369, , 
133186.277111666, 000440, 0.15423942, 0.7303241, 1.2050747, 0.966265, -0.0069477065, -0.2528566, 0.048447147, 1436.701, 1436.701, 960.6151, 726.42413, , 
133186.29378375, 000441, 0.1517733, 0.7311183, 1.1984941, 0.96835315, -0.0071440926, -0.24524465, 0.04578449, 1436.7126, 1436.7126, 960.5991, 726.41156, , 
133186.310455791, 000442, 0.1492782, 0.7319456, 1.1919304, 0.97035366, -0.007304579, -0.23769984, 0.043116663, 1436.6897, 1436.6897, 960.682, 726.4104, , 
133186.327127916, 000443, 0.146741, 0.7327914, 1.1853821, 0.9721657, -0.0072630057, -0.23060763, 0.04075722, 1436.7432, 1436.7432, 960.68976, 726.40405, , 
133186.343799916, 000444, 0.144261, 0.7340438, 1.1799482, 0.973846, -0.0070340424, -0.22381234, 0.038501922, 1437.2289, 1437.2289, 960.7505, 726.38983, , 
133186.360472041, 000445, 0.14166081, 0.73520356, 1.1742357, 0.9754066, -0.0065406887, -0.21727344, 0.036488354, 1437.271, 1437.271, 960.7445, 726.4352, , 
133186.377144125, 000446, 0.13891345, 0.73616976, 1.1680485, 0.9767865, -0.006051435, -0.21127823, 0.034826588, 1437.2555, 1437.2555, 960.82043, 726.39465, , 
133186.393816166, 000447, 0.13604799, 0.73703814, 1.161814, 0.97794473, -0.00549281, -0.20610826, 0.033364147, 1437.2518, 1437.2518, 960.8122, 726.39526, , 
133186.410488208, 000448, 0.13308007, 0.7378343, 1.1556531, 0.97894466, -0.0048160963, -0.20153633, 0.032049682, 1437.2135, 1437.2135, 960.8834, 726.3924, , 
133186.427160375, 000449, 0.13003412, 0.73854756, 1.1495887, 0.9799023, -0.004283118, -0.19708624, 0.030496007, 1437.2365, 1437.2365, 960.9457, 726.444, , 
133186.443832416, 000450, 0.12652063, 0.739597, 1.1437962, 0.9808608, -0.0040489733, -0.1925742, 0.0284734, 1437.1906, 1437.1906, 960.943, 726.47516, , 
133186.4605045, 000451, 0.12303271, 0.74044585, 1.1380506, 0.9818173, -0.0039068963, -0.1879672, 0.026225623, 1437.2479, 1437.2479, 961.01373, 726.4459, , 
133186.477176583, 000452, 0.11960806, 0.7409808, 1.132275, 0.9827814, -0.0033349742, -0.18314408, 0.024244258, 1437.8407, 1437.8407, 961.08105, 726.4588, , 
133186.493848458, 000453, 0.11606764, 0.74134505, 1.1265476, 0.98370004, -0.0018750506, -0.17831351, 0.023129899, 1437.8943, 1437.8943, 961.0938, 726.4705, , 
133186.51052075, 000454, 0.11232113, 0.74162513, 1.1209404, 0.98446864, 0.0011007617, -0.17396149, 0.023612805, 1437.7948, 1437.7948, 961.1458, 726.40875, , 
133186.527192625, 000455, 0.108287595, 0.7419044, 1.1154518, 0.98488057, 0.006406775, -0.17094363, 0.027338633, 1437.8446, 1437.8446, 961.1656, 726.38965, , 
133186.543864833, 000456, 0.10378306, 0.742092, 1.1102434, 0.9847427, 0.014207668, -0.16983615, 0.03515086, 1437.9325, 1437.9325, 961.2063, 726.392, , 
133186.560536708, 000457, 0.099287, 0.7422653, 1.1051371, 0.98414284, 0.022480238, -0.16992919, 0.045622952, 1437.9747, 1437.9747, 961.2482, 726.3855, , 
133186.577208875, 000458, 0.095115684, 0.74242157, 1.1001474, 0.9837178, 0.02780221, -0.1690124, 0.0544156, 1437.8483, 1437.8483, 961.29565, 726.40424, , 
133186.593880916, 000459, 0.09127908, 0.74248976, 1.0953822, 0.98415965, 0.02885198, -0.16496564, 0.058168724, 1437.6572, 1437.6572, 961.3982, 726.40814, , 
133186.610552958, 000460, 0.08759934, 0.7424421, 1.0908016, 0.9853482, 0.027851848, -0.15793288, 0.05805471, 1437.6992, 1437.6992, 961.3923, 726.42206, , 
133186.627225041, 000461, 0.08392396, 0.7423525, 1.0863297, 0.9867657, 0.026458329, -0.14952669, 0.056878496, 1437.7948, 1437.7948, 961.42633, 726.41547, , 
133186.643897166, 000462, 0.08030989, 0.7426194, 1.0824392, 0.988102, 0.024792401, -0.14117606, 0.055757906, 1437.8217, 1437.8217, 961.4349, 726.33594, , 
133186.660569166, 000463, 0.07660688, 0.7428155, 1.0785019, 0.98928374, 0.022897186, -0.1333954, 0.05476455, 1437.7566, 1437.7566, 961.43835, 726.33167, , 
133186.67724125, 000464, 0.0727414, 0.7428007, 1.0743753, 0.9902509, 0.021119347, -0.126454, 0.054465666, 1437.8713, 1437.8713, 961.48737, 726.3477, , 
133186.693913375, 000465, 0.06875746, 0.74265563, 1.0702754, 0.9909964, 0.019591013, -0.120466344, 0.055046167, 1437.9248, 1437.9248, 961.4692, 726.34076, , 
133186.710585458, 000466, 0.06472899, 0.74240756, 1.0663532, 0.9916176, 0.018126026, -0.11500872, 0.056026235, 1437.8523, 1437.8523, 961.46014, 726.355, , 
133186.7272575, 000467, 0.06075675, 0.7420881, 1.0627359, 0.992304, 0.016223388, -0.109139845, 0.056195814, 1437.7412, 1437.7412, 961.46704, 726.3541, , 
133186.743929625, 000468, 0.057319783, 0.74162906, 1.060243, 0.9931336, 0.013837949, -0.10237336, 0.05489834, 1437.68, 1437.68, 961.48535, 726.3088, , 
133186.760601625, 000469, 0.053841084, 0.7411665, 1.0578923, 0.99405175, 0.011080252, -0.09488141, 0.052304383, 1437.6953, 1437.6953, 961.4642, 726.2883, , 
133186.77727375, 000470, 0.050187588, 0.7407273, 1.0554341, 0.9949781, 0.008027298, -0.08686877, 0.04907078, 1437.7797, 1437.7797, 961.46246, 726.2928, , 
133186.79394575, 000471, 0.046452314, 0.74030113, 1.0530822, 0.995835, 0.0048956354, -0.078692906, 0.045781203, 1437.8138, 1437.8138, 961.4968, 726.27094, , 
133186.810617875, 000472, 0.042605996, 0.7398857, 1.0509157, 0.9965856, 0.002146968, -0.07055474, 0.042831335, 1437.7184, 1437.7184, 961.463, 726.26874, , 
133186.82728975, 000473, 0.038635492, 0.7394557, 1.0488708, 0.99723893, -0.00016550189, -0.062044784, 0.04080285, 1437.661, 1437.661, 961.4653, 726.2641, , 
133186.843962, 000474, 0.03435882, 0.7391085, 1.0468508, 0.99777275, -0.0019078555, -0.05292305, 0.04055775, 1437.9095, 1437.9095, 961.4346, 726.2616, , 
133186.860633916, 000475, 0.030115524, 0.73861676, 1.0449716, 0.9981809, -0.0031899102, -0.043397535, 0.041729316, 1437.9747, 1437.9747, 961.37946, 726.2367, , 
133186.877306166, 000476, 0.026041301, 0.73806006, 1.0434028, 0.99850404, -0.0044612833, -0.03376789, 0.0427725, 1437.7719, 1437.7719, 961.3834, 726.227, , 
133186.893978041, 000477, 0.022071397, 0.7375545, 1.0421098, 0.9987538, -0.006179848, -0.023949867, 0.043346524, 1437.6838, 1437.6838, 961.3914, 726.2165, , 
133186.910650291, 000478, 0.018151648, 0.7371153, 1.040948, 0.9989107, -0.008472088, -0.013702368, 0.04379198, 1437.7833, 1437.7833, 961.39, 726.22565, , 
133186.927322208, 000479, 0.014245262, 0.7368289, 1.0398508, 0.9989925, -0.011084213, -0.0027787825, 0.043396443, 1437.9058, 1437.9058, 961.37775, 726.24176, , 
133186.94399425, 000480, 0.010419562, 0.7367001, 1.0392121, 0.99899095, -0.013493403, 0.008672676, 0.041948784, 1437.9058, 1437.9058, 961.35486, 726.2111, , 
133186.960666416, 000481, 0.006627053, 0.73690444, 1.0386943, 0.9988708, -0.015510639, 0.01994439, 0.040233146, 1437.8063, 1437.8063, 961.3837, 726.20056, , 
133186.977338416, 000482, 0.002886448, 0.73739153, 1.0382478, 0.99862915, -0.017054848, 0.030627199, 0.038868543, 1437.7643, 1437.7643, 961.3049, 726.184, , 
133186.9940105, 000483, -0.00075906515, 0.73800147, 1.037944, 0.99826723, -0.018083403, 0.041025307, 0.038109843, 1437.7299, 1437.7299, 961.3112, 726.2042, , 
133187.010682541, 000484, -0.0042921267, 0.7386406, 1.0377492, 0.9977858, -0.018654928, 0.051428597, 0.037822247, 1437.7336, 1437.7336, 961.3082, 726.2238, , 
133187.027354583, 000485, -0.0077020726, 0.73921984, 1.0376492, 0.9971855, -0.018922843, 0.061763056, 0.038055394, 1437.8751, 1437.8751, 961.3167, 726.22327, , 
133187.044026666, 000486, -0.0105603635, 0.73985803, 1.0384643, 0.99650216, -0.01896629, 0.0715803, 0.038728673, 1437.8407, 1437.8407, 961.3076, 726.2236, , 
133187.06069875, 000487, -0.013462078, 0.74042445, 1.0392271, 0.99578243, -0.0189607, 0.08057997, 0.03955617, 1437.7833, 1437.7833, 961.31396, 726.23883, , 
133187.077370833, 000488, -0.016529294, 0.7409118, 1.0396931, 0.9950574, -0.01910407, 0.088760465, 0.040216476, 1437.7643, 1437.7643, 961.32294, 726.2117, , 
133187.094042916, 000489, -0.019666588, 0.74132204, 1.0400383, 0.9943615, -0.019346783, 0.095720716, 0.04133081, 1437.7833, 1437.7833, 961.25726, 726.28796, , 
133187.110714958, 000490, -0.022869363, 0.7416278, 1.0403185, 0.9937361, -0.019579025, 0.101260565, 0.043028425, 1437.8904, 1437.8904, 961.2424, 726.2997, , 
133187.127387, 000491, -0.026137494, 0.7418578, 1.0405815, 0.9932421, -0.019844322, 0.10551447, 0.044079162, 1437.8331, 1437.8331, 961.23334, 726.28064, , 
133187.144059125, 000492, -0.02914171, 0.7415543, 1.0417569, 0.9929084, -0.020085726, 0.10865795, 0.04385129, 1437.8063, 1437.8063, 961.23895, 726.3069, , 
133187.160731166, 000493, -0.032255065, 0.741314, 1.0427122, 0.9927048, -0.020200767, 0.11085117, 0.042908702, 1437.7797, 1437.7797, 961.2296, 726.2811, , 
133187.177403208, 000494, -0.03546057, 0.7412622, 1.0431783, 0.9925197, -0.020188326, 0.11280764, 0.042091146, 1437.7604, 1437.7604, 961.2211, 726.29517, , 
133187.194075125, 000495, -0.03857055, 0.7412499, 1.0434042, 0.99225163, -0.02020504, 0.11514745, 0.042065848, 1437.8024, 1437.8024, 961.23883, 726.2931, , 
133187.210747375, 000496, -0.041532576, 0.74123067, 1.0434726, 0.9918734, -0.020230887, 0.11817798, 0.042565502, 1437.8904, 1437.8904, 961.243, 726.29724, , 
133187.22741925, 000497, -0.044363614, 0.7411739, 1.0434651, 0.99142057, -0.020244863, 0.12166341, 0.04328312, 1437.8867, 1437.8867, 961.24335, 726.2851, , 
133187.2440915, 000498, -0.046143338, 0.7406118, 1.0444156, 0.9909985, -0.020227278, 0.1248593, 0.043851037, 1437.8483, 1437.8483, 961.2424, 726.269, , 
133187.260763375, 000499, -0.04811848, 0.74011666, 1.045112, 0.99071646, -0.02020819, 0.12698084, 0.044140305, 1437.7948, 1437.7948, 961.26294, 726.279, , 
133187.277435625, 000500, -0.050543398, 0.7398012, 1.0452554, 0.99059874, -0.020133875, 0.12803146, 0.04377927, 1437.7222, 1437.7222, 961.2363, 726.2867, , 
133187.294107541, 000501, -0.05309682, 0.7395259, 1.0450643, 0.9905931, -0.019976972, 0.12832138, 0.043126352, 1437.7528, 1437.7528, 961.25665, 726.29095, , 
133187.31077975, 000502, -0.055671465, 0.7392523, 1.0445715, 0.9906463, -0.019719472, 0.1279958, 0.042988274, 1437.8331, 1437.8331, 961.2513, 726.2751, , 
133187.327451666, 000503, -0.058241323, 0.7390163, 1.0437968, 0.9907888, -0.019241327, 0.12692755, 0.043089226, 1437.7566, 1437.7566, 961.2453, 726.29456, , 
